"CaseNr","Subject","Partner","Reconci","Affilia","Support","ConfInt","ConfDur","Context","RankDif","Latency","PartSex","RconDur","RenewAg","IniCnfl","IniReco","TimToRA"
1,"Ash","Cha",0,"Average","no","NonPhys","1","Other","s",NA,"Female",NA,1,"Subject","None",264
2,"Ash","Ron",0,"Average","no","NonPhys","1","Other","l",NA,"M",NA,0,"Subject","None",NA
3,"Ash","Cha",0,"Average","no","NonPhys","1","Other","s",NA,"Female",NA,0,"Subject","None",NA
4,"Bet","Dan",0,"Average","no","NonPhys","1","Other","l",NA,"Male",NA,0,"Subject","None",NA
5,"Mary","Bri",0,"Average","no","NonPhys","19","Food","s",NA,"Female",NA,0,"Subject","None",NA
6,"Marg","Bri",1,"Strong","no","NonPhys","5","Other","s",3,"Female","53,0",0,"Partner","Subject",NA
7,"Marg","DonF",0,"Average","no","NonPhys","8","Food","l",NA,"Male",NA,0,"Partner","None",NA
8,"Ash","Bri",0,"Weak","no","NonPhys","21","Other","m",NA,"Female",NA,0,"Partner","None",NA
9,"Lis","Ant",0,"Average","no","NonPhys","28","Sex","l",NA,"Male",NA,1,"Subject","None",526
10,"Lis","Tim",0,"Weak","yes","NonPhys","6","Food","l",NA,"Female",NA,0,"Subject","None",NA
11,"Lis","Ant",0,"Average","no","NonPhys","1","Food","l",NA,"Male",NA,0,"Partner","None",NA
12,"Emi","Cha",1,"Average","no","NonPhys","3","Other","l",9,"Female","1,0",0,"Subject","Partner",NA
13,"Emi","Mel",0,"Strong","no","NonPhys","2","Other","l",NA,"Female",NA,0,"Subject","None",NA
14,"Emi","DonF",0,"Average","no","NonPhys","10","Other","l",NA,"Male",NA,0,"Partner","None",NA
15,"Marg","Joh",1,"Strong","no","NonPhys","9","Other","m",2,"Female","6,0",0,"Partner","beide",NA
16,"Marg","Pat",0,"Average","yes","NonPhys","3","Other","l",NA,"Female",NA,0,"Partner","None",NA
17,"Deb","Kar",0,"Average","no","NonPhys","3","Other","l",NA,"Female",NA,0,"Subject","None",NA
18,"Deb","Tim",1,"Strong","no","NonPhys","13","Other","l",33,"Female","5,0",1,"Subject","Partner",108
19,"Deb","Tim",1,"Strong","no","NonPhys","78","Other","l",20,"Female","135,0",0,"Subject","Subject",NA
20,"Eli","Mic",1,"Strong","no","NonPhys","2","Other","s",28,"Female","4,0",0,"Partner","Partner",NA
21,"Eli","Pat",0,"Average","no","NonPhys","1","Other","m",NA,"Female",NA,0,"Partner","None",NA
22,"Eli","Kev",0,"Average","no","NonPhys","1","Food","l",NA,"Male",NA,0,"Subject","None",NA
23,"Deb","Car",0,"Strong","no","NonPhys","1","Food","m",NA,"Female",NA,1,"Partner","None",162
24,"Deb","Car",0,"Strong","no","NonPhys","1","Food","m",NA,"Female",NA,0,"Partner","None",NA
25,"Deb","Car",0,"Strong","no","NonPhys","1","Food","m",NA,NA,NA,0,"Partner","None",NA
26,"Deb","Wil",0,"Weak","no","NonPhys","1","Food","m",NA,"Female",NA,0,"Subject","None",NA
27,"Deb","Wil",0,"Weak","no","NonPhys","300","Food","m",NA,"Female",NA,0,"Subject","None",NA
28,"Deb","Kar",0,"Average","no","NonPhys","1","Other","l",NA,"Female",NA,0,"Subject","None",NA
29,"Deb","Kar",0,"Average","no","Physical","3","Other","l",NA,NA,NA,0,"Subject","None",NA
30,"Deb","Pau",0,"Average","yes","NonPhys","1","Other","m",NA,"Female",NA,0,"Subject","None",NA
31,"Emi","Rob",0,"Average","yes","NonPhys","1","Other","m",NA,"Female",NA,0,"Partner","None",NA
32,"Emi","Dav",1,"Strong","no","NonPhys","2","Other","m",16,"Female","7,0",0,"Subject","Subject",NA
33,"Emi","Sar",0,"Average","no","NonPhys","1","Other","l",NA,"Male",NA,0,"Partner","None",NA
34,"Mary","Mat",0,"Strong","yes","NonPhys","50","Food","l",NA,"Male",NA,0,"Partner","None",NA
35,"Mary","Sus",0,"Average","yes","NonPhys","65","Food","l",NA,"Female",NA,1,"Partner","None",130
36,"Mary","Sus",1,"Average","yes","NonPhys","2","Food","l",20,"Female","51,0",1,"Partner","Subject",72
37,"Mary","Sus",1,"Average","yes","NonPhys","5","Food","l",1,"Female","405,0",1,"Subject","Partner",423
38,"Mary","Sus",0,"Average","yes","NonPhys","2","Food","l",NA,"Female",NA,0,"Partner","None",NA
39,"Marg","Sar",0,"Weak","no","NonPhys","1","Other","l",NA,"Male",NA,0,"Partner","None",NA
40,"Marg","Mel",0,"Average","no","NonPhys","23","Other","s",NA,NA,NA,0,"Subject","None",NA
41,"Deb","Tim",0,"Strong","no","NonPhys","1","Other","l",NA,"Female",NA,0,"Subject","None",NA
42,"Deb","Lin",0,"Weak","no","NonPhys","2","Other","s",NA,"Female",NA,0,"Partner","None",NA
43,"Eli","DonM",0,"Average","no","NonPhys","2","Other","l",NA,"Male",NA,0,"Partner","None",NA
44,"Eli","Ant",1,"Strong","no","NonPhys","11","Other","l",30,"Male","869,0",0,"Subject","Subject",NA
45,"Eli","Chr",0,"Average","no","NonPhys","1","Other","s",NA,"Female",NA,0,"Partner","None",NA
46,"Marg","Sus",0,"Average","yes","NonPhys","11","Other","l",NA,"Female",NA,0,"Partner","None",NA
47,"Marg","Ant",0,"Strong","yes","NonPhys","1","Other","l",NA,"Male",NA,0,"Partner","None",NA
48,"Marg","Pat",1,"Average","yes","NonPhys","1","Other","l",1,"Female","172,0",0,"Partner","Partner",NA
49,"Emi","Kev",1,"Strong","yes","NonPhys","3","Other","l",2,"Male","5,0",0,"Subject","Subject",NA
50,"Bet","Kev",0,"Average","no","NonPhys","10","Food","l",NA,"Male",NA,0,"Subject","None",NA
51,"Deb","Sus",1,"Strong","yes","NonPhys","1","Other","m",2,"Female","3,0",1,"Partner","beide",587
52,"Deb","Sus",0,"Strong","yes","NonPhys","1","Other","m",NA,"Female",NA,0,"Partner","None",NA
53,"Deb","Dav",0,"Average","no","NonPhys","10","Other","l",NA,"Female",NA,0,"Subject","None",NA
54,"Lis","DonM",1,"Average","no","NonPhys","8","Food","l",37,"Male","3,0",0,"Partner","beide",NA
55,"Lis","Mat",1,"Strong","no","Physical","6","Other","l",6,"Male","2,0",0,"Partner","beide",NA
56,"Lis","Tim",0,"Weak","no","NonPhys","1","Food","l",NA,"Female",NA,0,"Subject","None",NA
57,"Bet","Dav",1,"Weak","no","NonPhys","1","Other","l",40,"Female","47,0",0,"Subject","Subject",NA
58,"Ash","Cha",1,"Average","no","NonPhys","14","Other","s",19,"Female","18,0",0,"Subject","Subject",NA
59,"Ash","San",0,"Average","no","NonPhys","10","Other","m",NA,"Female",NA,0,"Subject","None",NA
60,"Ash","San",0,"Average","no","NonPhys","2","Other","m",NA,"Female",NA,0,"Subject","None",NA
61,"Mary","Sus",0,"Average","yes","Physical","7","Other","l",NA,"Female",NA,0,"Subject","None",NA
62,"Marg","Bet",1,"Average","yes","NonPhys","7","Other","l",1,"Female","152,0",0,"Partner","Subject",NA
63,"Marg","Kar",0,"Weak","no","NonPhys","1","Other","s",NA,"Female",NA,0,"Subject","None",NA
64,"Marg","Kev",1,"Weak","no","NonPhys","20","Other","l",NA,"Male","13,0",0,"Partner","Partner",NA
65,"Marg","Joh",1,"Strong","no","NonPhys","2","Other","m",1,"Female","12,0",0,"Partner","Partner",NA
66,"Marg","Mic",1,"Average","no","NonPhys","3","Other","m",1,"Female","6,0",0,"Partner","Partner",NA
67,"Marg","Jen",1,"Weak","no","NonPhys","3","Other","m",1,"Female","8,0",0,"Partner","Partner",NA
68,"Marg","Pat",1,"Average","yes","NonPhys","1004","Other","l",30,"Female","194,0",0,"Partner","Subject",NA
69,"Marg","Marg",0,"Average","no","NonPhys","4","Other","l",NA,"Male",NA,0,"Partner","None",NA
70,"Bet","Dav",1,"Weak","no","NonPhys","60","Food","l",1,"Female","30,0",0,"Subject","Subject",NA
71,"Bet","Dan",0,"Weak","no","NonPhys","4","Other","l",NA,"M",NA,0,"Subject","None",NA
72,"Emi","Kev",0,"Strong","yes","NonPhys","1","Other","l",NA,"Male",NA,0,"Partner","None",NA
73,"Lis","Jes",0,"Weak","no","NonPhys","2","Other","l",NA,"Female",NA,0,"Subject","None",NA
74,"Eli","Ant",1,"Strong","no","NonPhys","7","Other","l",35,"Male","321,0",0,"Partner","Partner",NA
75,"Mary","Mat",0,"Strong","yes","NonPhys","2","Other","l",NA,"Male",NA,0,"Partner","None",NA
76,"Mary","Mic",0,"Average","yes","NonPhys","51","Other","m",NA,"Female",NA,0,"Partner","None",NA
77,"Marg","Wil",1,"Average","no","NonPhys","10","Other","m",1,"Female","90,0",0,"Subject","Partner",NA
78,"Marg","Jes",1,"Weak","no","NonPhys","1","Other","l",4,"Female","108,0",0,"Partner","Partner",NA
79,"Marg","Lin",1,"Average","yes","NonPhys","1","Other","l",2,"Female","1,0",0,"Partner","beide",NA
80,"Ash","Jos",1,"Weak","no","NonPhys","1003","Other","m",5,"Female","37,0",0,"Partner","Subject",NA
81,"Emi","Dav",0,"Strong","n","NonPhys","2","Other","m",NA,"Female",NA,0,"Subject","None",NA
82,"Emi","Chr",0,"Average","no","NonPhys","1","Other","m",NA,"Female",NA,0,"Partner","None",NA
83,"Deb","Ric",0,"Weak","no","NonPhys","11","Other","l",NA,"Female",NA,0,"Subject","None",NA
84,"Lis","Ama",1,"Strong","yes","NonPhys","1","Other","l",1,"Male","2,0",0,"Partner","Subject",NA
85,"Lis","Ant",0,"Average","no","NonPhys","1","Other","l",NA,"Male",NA,0,"Partner","None",NA
86,"Marg","Lin",1,"Average","yes","NonPhys","1","Other","l",1,"Female","265,0",0,"Partner","Partner",NA
87,"Emi","Dav",0,"Strong","no","NonPhys","1","Other","m",NA,"Female",NA,1,"Subject","None",479
88,"Emi","Kev",0,"Strong","yes","NonPhys","1","Other","l",NA,"M",NA,0,"Partner","None",NA
89,"Emi","Dav",0,"Strong","no","NonPhys","1","Food","m",NA,"Female",NA,0,"Subject","None",NA
90,"Emi","Emi",0,"Average","yes","NonPhys","1","Food","l",NA,"Male",NA,0,"Partner","None",NA
91,"Emi","Mel",1,"Strong","no","NonPhys","5","Other","l",1,"Female","3,0",0,"Subject","Partner",NA
92,"Lis","Tim",0,"Weak","no","NonPhys","1","Other","l",NA,"Female",NA,0,"Subject","None",NA
93,"Eli","Mic",1,"Strong","no","NonPhys","3","Other","s",2,"Female","12,0",0,"Partner","beide",NA
94,"Mary","Kev",0,"Average","yes","NonPhys","58","Other","l",NA,"Male",NA,0,"Partner","None",NA
95,"Mary","Ama",1,"Weak","no","NonPhys","2","Other","l",77,"Male","6,0",1,"Partner","Partner",128
96,"Mary","Ama",0,"Weak","no","NonPhys","1","Other","l",NA,"Male",NA,0,"Partner","None",NA
97,"Mary","Car",0,"Strong","yes","NonPhys","34","Other","m",NA,"Female",NA,0,"Partner","None",NA
98,"Lis","Wil",0,"Average","no","NonPhys","2","Other","m",NA,"Female",NA,0,"Subject","None",NA
99,"Marg","Ron",0,"Average","yes","NonPhys","1","Other","l",NA,"Male",NA,0,"Partner","None",NA
100,"Marg","DonM",0,"Average","no","NonPhys","1","Other","l",NA,"Male",NA,0,"Partner","None",NA
101,"Marg","Mic",0,"Average","no","NonPhys","2","Other","m",NA,"Female",NA,0,"Partner","None",NA
102,"Marg","Lin",0,"Average","yes","NonPhys","1","Other","l",NA,"Female",NA,0,"Partner","None",NA
103,"Marg","Mel",0,"Average","no","NonPhys","1","Other","l",NA,"Female",NA,0,"Partner","None",NA
104,"Emi","Wil",1,"Average","no","NonPhys","146","Other","s",12,"Female","16,0",0,"Partner","Partner",NA
105,"Emi","Kar",0,"Weak","no","NonPhys","6","Other","m",NA,"Female",NA,0,"Subject","None",NA
106,"Emi","Tim",0,"Average","no","NonPhys","231","Other","l",NA,NA,NA,0,"Partner","None",NA
107,"Bet","Cha",0,"Average","no","NonPhys","1","Other","l",NA,"Female",NA,0,"Subject","None",NA
108,"Emi","Lin",0,"Strong","no","NonPhys","23","Other","m",NA,"Female",NA,0,"Partner","None",NA
109,"Emi","DonM",0,"Average","no","NonPhys","2","Food","l",NA,"Male",NA,0,"Partner","None",NA
110,"Emi","Step",0,"Weak","no","NonPhys","1","Food","l",NA,"Male",NA,0,"Partner","None",NA
111,"Mary","Car",1,"Strong","yes","NonPhys","2","Other","m",1,"Female","8,0",1,"Partner","Subject",560
112,"Mary","Car",0,"Strong","yes","NonPhys","1","Other","m",NA,"F",NA,0,"Partner","None",NA
113,"Mary","Tim",1,"Strong","no","NonPhys","4","Other","l",1,"Female","5,0",0,"Subject","Subject",NA
114,"Ash","DonF",1,"Average","yes","NonPhys","1","Other","l",107,"Male","1,0",0,"Partner","Partner",NA
115,"Ash","Lin",1,"Weak","no","NonPhys","10","Other","l",19,"Female","3,0",0,"Partner","Subject",NA
116,"Ash","And",1,"Strong","yes","NonPhys","1","Other","s",6,"Female","9,0",0,"Subject","Partner",NA
117,"Ash","Stev",0,"Strong","no","NonPhys","7","Other","l",NA,"Male",NA,0,"Partner","None",NA
118,"Eli","Jos",0,"Strong","yes","NonPhys","1","Other","m",NA,"Female",NA,0,"Subject","None",NA
119,"Mary","Ron",0,"Average","no","NonPhys","1","Other","l",NA,"Male",NA,0,"Partner","None",NA
120,"Mary","Mat",0,"Strong","yes","NonPhys","102","Other","l",NA,"Male",NA,0,"Partner","None",NA
121,"Ash","Kar",1,"Average","yes","NonPhys","2","Other","m",1,"Female","10,0",0,"Subject","Subject",NA
122,"Ash","Kim",0,"Average","no","NonPhys","3","Other","m",NA,"Female",NA,0,"Subject","None",NA
123,"Ash","Nan",1,"Weak","no","NonPhys","2","Other","s",1,"Female","2,0",1,"Subject","Partner",87
124,"Ash","Nan",0,"Weak","no","NonPhys","30","Other","s",NA,"Female",NA,0,"Subject","None",NA
125,"Ash","Kar",0,"Average","yes","NonPhys","1","Other","m",NA,"Female",NA,0,"Partner","None",NA
126,"Emi","Dav",1,"Strong","no","NonPhys","6","Other","m",3,"Female","56,0",0,"Subject","Partner",NA
127,"Marg","Kev",0,"Weak","no","NonPhys","1","Other","l",NA,"Male",NA,0,"Partner","None",NA
128,"Deb","Jen",0,"Average","no","NonPhys","1","Other","m",NA,"Female",NA,0,"Subject","None",NA
129,"Deb","Tim",0,"Average","no","NonPhys","63","Other","l",NA,"Female",NA,0,"Subject","None",NA
130,"Deb","Car",0,"Strong","no","NonPhys","10","Other","m",NA,"Female",NA,0,"Partner","None",NA
131,"Deb","Pat",1,"Weak","no","NonPhys","7","Other","s",2,"Female","17,0",0,"Partner","Subject",NA
132,"Emi","Pat",0,"Average","no","NonPhys","2","Other","m",NA,"Female",NA,0,"Partner","None",NA
133,"Ash","And",1,"Strong","yes","NonPhys","2","Other","s",1,"Female","19,0",0,"Partner","Subject",NA
134,"Bet","Jes",1,"Weak","no","NonPhys","4","Other","l",1,"Female","3,0",1,"Subject","Partner",494
135,"Bet","Jes",0,"Weak","no","NonPhys","2","Other","l",NA,"Female",NA,1,"Subject","None",559
136,"Bet","Jes",0,"Weak","no","NonPhys","3","Other","l",NA,"Female",NA,0,"Subject","None",NA
137,"Ash","Nan",1,"Weak","no","NonPhys","9","Other","s",1,"Female","5,0",0,"Subject","Partner",NA
138,"Ash","Ric",0,"Weak","no","NonPhys","2","Other","s",NA,"Female",NA,0,"Partner","None",NA
139,"Ash","Tho",0,"Average","no","NonPhys","1","Other","l",NA,"Male",NA,0,"Partner","None",NA
140,"Ash","Tho",0,"Average","no","NonPhys","2","Other","l",NA,"Male",NA,0,"Partner","None",NA
141,"Bet","Jes",0,"Weak","no","NonPhys","2","Other","l",NA,"Female",NA,0,"Subject","None",NA
142,"Bet","Dav",1,"Weak","no","NonPhys","3","Other","l",2,"Female","2,0",0,"Subject","Subject",NA
143,"Bet","Ant",0,"Strong","no","NonPhys","1","Food","l",NA,"M",NA,0,"Partner","None",NA
144,"Bet","Tim",0,"Weak","no","NonPhys","2","Other","l",NA,"Female",NA,0,"Subject","None",NA
145,"Eli","Tim",0,"Weak","no","NonPhys","61","Other","l",NA,"Female",NA,0,"Subject","None",NA
146,"Eli","Jos",0,"Strong","yes","NonPhys","3","Other","m",NA,"Female",NA,0,"Subject","None",NA
147,"Eli","Mic",1,"Strong","no","Physical","2","Other","s",2,"Female","6,0",0,"beide","Subject",NA
148,"Marg","Joh",1,"Strong","no","NonPhys","5","Other","m",1,"Female","2,0",0,"Subject","Subject",NA
149,"Marg","Kev",0,"Weak","no","NonPhys","69","Other","l",NA,"Male",NA,0,"Partner","None",NA
150,"Marg","Rob",1,"Average","no","NonPhys","2","Other","l",1,"Female","5,0",0,"Subject","Partner",NA
151,"Deb","Car",0,"Strong","no","NonPhys","3","Other","m",NA,"Female",NA,0,"Partner","None",NA
152,"Deb","Nan",1,"Weak","no","NonPhys","1","Other","l",0,"Female","3,0",0,"Subject","Subject",NA
153,"Deb","Kev",0,"Strong","no","NonPhys","6","Food","l",NA,"Male",NA,0,"Partner","None",NA
154,"Deb","Pau",0,"Average","yes","NonPhys","4","Other","m",NA,"Female",NA,0,"Subject","None",NA
155,"Deb","Stev",0,"Average","no","NonPhys","48","Other","l",NA,"Male",NA,0,"Subject","None",NA
156,"Deb","Stev",0,"Average","no","NonPhys","31","Other","l",NA,"Male",NA,0,"Subject","None",NA
157,"Marg","Josh",0,"Strong","no","NonPhys","31","Other","l",NA,"Male",NA,1,"Partner","None",332
158,"Marg","Kev",1,"Weak","no","NonPhys","86","Other","l",1,"Male","5,0",0,"Partner","Partner",NA
159,"Marg","Kev",0,"Weak","no","NonPhys","1","Other","l",NA,"Male",NA,0,"Partner","None",NA
160,"Marg","Josh",0,"Strong","no","NonPhys","22","Other","l",NA,"Male",NA,0,"Partner","None",NA
161,"Mary","Mat",1,"Strong","yes","NonPhys","5","Other","l",6,"Male","3,0",0,"Partner","Partner",NA
162,"Mary","Pau",0,"Average","no","Physical","68","Other","s",NA,"Female",NA,0,"Partner","None",NA
163,"Mary","Nan",0,"Weak","no","NonPhys","2","Other","l",NA,"F",NA,0,"Partner","None",NA
164,"Emi","Dan",0,"Average","no","NonPhys","6","Other","l",NA,"Male",NA,0,"Partner","None",NA
165,"Eli","Mit",1,"Average","no","NonPhys","255","Other","l",181,"Female","1,0",0,"Subject","Partner",NA
166,"Ash","Lin",0,"Weak","no","NonPhys","1","Other","l",NA,"Female",NA,0,"Subject","None",NA
167,"Ash","And",1,"Strong","yes","Physical","2","Other","s",1,"Female","3,0",1,"Partner","Subject",627
168,"Ash","Ken",0,"Strong","no","NonPhys","3","Other","l",NA,"Male",NA,0,"Subject","None",NA
169,"Ash","And",1,"Strong","yes","Physical","1","Other","s",1,"Male","9,0",1,"Partner","beide",47
170,"Ash","And",0,"Strong","yes","NonPhys","2","Other","s",NA,"Female",NA,0,"Partner","None",NA
171,"Lis","Ama",0,"Strong","yes","NonPhys","3","Other","l",NA,"Male",NA,0,"Partner","None",NA
172,"Lis","Lis",0,"weak","no","NonPhys","2","Other","l",NA,"Male",NA,1,"Subject","None",661
173,"Lis","Lis",0,"Weak","no","NonPhys","3","Other","l",NA,"Male",NA,0,"Subject","None",NA
174,"Marg","Josh",0,"Strong","no","NonPhys","2","Food","l",NA,"Male",NA,0,"Partner","None",NA
175,"Marg","Joh",0,"Strong","n","NonPhys","1","Other","m",NA,"Female",NA,0,"Partner","None",NA
176,"Marg","Mic",0,"Average","no","NonPhys","6","Other","m",NA,"Female",NA,0,"Partner","None",NA
177,"Marg","Stev",0,"Average","no","NonPhys","8","Other","l",NA,"Male",NA,0,"Partner","None",57
178,"Emi","Josh",0,"Average","yes","NonPhys","1","Other","l",NA,"Male",NA,0,"Partner","None",NA
179,"Emi","Ama",0,"Strong","no","NonPhys","3","Other","l",NA,"Male",NA,0,"Partner","None",NA
180,"Emi","Emi",1,"Average","yes","NonPhys","3","Food","l",164000,"Male","62,0",0,"Partner","beide",NA
181,"Emi","Nan",0,"Weak","no","NonPhys","3","Food","l",NA,"Female",NA,0,"Subject","None",NA
182,"Bet","Bri",0,"Weak","no","NonPhys","2","Other","m",NA,"Female",NA,1,"Partner","None",293
183,"Bet","Bri",0,"Weak","no","NonPhys","13","Other","m",NA,"Female",NA,0,"Subject","None",NA
184,"Bet","Bri",0,"Weak","no","NonPhys","53","Other","m",NA,"Female",NA,0,"Subject","None",NA
185,"Lis","Joh",0,"Strong","no","NonPhys","4","Other","m",NA,"Female",NA,1,"Subject","None",107
186,"Lis","Joh",0,"Strong","no","NonPhys","2","Other","m",NA,"Female",NA,0,"Subject","None",NA
187,"Lis","Mel",0,"Strong","no","NonPhys","1","Other","l",NA,"Female",NA,0,"Subject","None",NA
188,"Lis","Josh",0,"Average","yes","NonPhys","2","Other","l",NA,"Male",NA,0,"Partner","None",NA
189,"Deb","Bri",1,"Weak","no","NonPhys","297","Other","m",1,"Female","31,0",0,"Subject","Subject",NA
190,"Eli","Kar",1,"Average","yes","NonPhys","2","Other","m",1,"Female","19,0",0,"Partner","Subject",NA
191,"Eli","Chr",1,"Average","no","NonPhys","6","Other","s",53,"Female","146,0",0,"Partner","Subject",NA
192,"Deb","Kev",0,"Strong","no","NonPhys","11","Other","l",NA,"Male",NA,0,"Partner","None",NA
193,"Deb","Pat",1,"Weak","no","NonPhys","2","Other","s",26,"Female","7,0",0,"Partner","Subject",NA
194,"Deb","Mel",0,"Strong","no","NonPhys","3","Other","l",NA,"Female",NA,0,"Subject","None",NA
195,"Emi","Pat",0,"Average","no","NonPhys","12","Other","m",NA,"Female",NA,0,"Partner","None",NA
196,"Emi","And",0,"Strong","yes","NonPhys","5","Other","m",NA,"Female",NA,0,"Subject","None",NA
197,"Emi","Ron",1,"Strong","no","NonPhys","9","Food","l",110,"Male","25,0",0,"Partner","Partner",NA
198,"Mary","Ama",0,"Weak","no","NonPhys","11","Other","l",NA,"Male",NA,0,"Partner","None",NA
199,"Mary","Ama",0,"Weak","no","NonPhys","71","Other","l",NA,"Male",NA,0,"Partner","None",NA
200,"Mary","Mic",0,"Average","yes","NonPhys","9","Food","m",NA,"Female",NA,0,"Partner","None",NA
201,"Mary","Rob",0,"Average","no","NonPhys","6","Food","m",NA,"Female",NA,0,"Partner","None",NA
202,"Mary","Step",0,"Strong","no","NonPhys","2","Food","l",NA,"Male",NA,0,"Partner","None",NA
203,"Mary","Ama",0,"Weak","no","NonPhys","1","Other","l",NA,"Male",NA,0,"Subject","None",NA
204,"Bet","Chr",1,"Weak","no","NonPhys","5","Other","m",1,"Female","5,0",0,"Subject","Partner",NA
205,"Lis","Wil",0,"Average","no","NonPhys","5","Other","m",NA,"Female",NA,0,"Subject","None",NA
206,"Lis","Wil",0,"Average","no","NonPhys","3","Other","m",NA,"Female",NA,0,"Subject","None",NA
207,"Lis","Joh",0,"Strong","no","NonPhys","3","Other","m",NA,"Female",NA,0,"Subject","None",NA
208,"Lis","Mel",0,"Strong","no","NonPhys","4","Other","l",NA,"Female",NA,0,"Subject","None",NA
209,"Eli","Rob",0,"Strong","no","NonPhys","1","Other","m",NA,"Female",NA,0,"Partner","None",NA
210,"Eli","Rob",0,"Strong","n","NonPhys","1","Other","m",NA,"Female",NA,0,"beide","None",NA
211,"Eli","Kev",1,"Average","yes","NonPhys","1","Other","l",1,"Male","2,0",0,"Subject","Subject",NA
212,"Ash","Kim",0,"Average","no","NonPhys","1","Other","m",NA,"Female",NA,0,"Subject","None",NA
213,"Emi","Mark",0,"Weak","yes","NonPhys","1","Other","l",NA,"Male",NA,0,"Partner","None",NA
214,"Emi","Mit",1,"Weak","no","NonPhys","3","Other","m",1,"Female","19,0",0,"Subject","Partner",NA
215,"Marg","Mat",0,"Strong","yes","NonPhys","1","Food","l",NA,"Male",NA,0,"Partner","None",NA
216,"Marg","Car",0,"Average","no","Physical","8","Food","l",NA,"Female",NA,0,"Partner","None",NA
217,"Marg","Ron",1,"Average","yes","NonPhys","10","Other","l",1,"Male","13,0",1,"Partner","Subject",187
218,"Marg","Ron",1,"Average","yes","NonPhys","6","Other","l",1,"Male","10,0",1,"Subject","Partner",256
219,"Marg","Ron",1,"Average","yes","NonPhys","31","Sex","l",65,"Male","15,0",0,"Partner","Subject",NA
220,"Deb","Tim",1,"Strong","no","NonPhys","1","Other","l",1,"Female","54,0",0,"Subject","Subject",NA
221,"Deb","Ant",0,"Average","no","NonPhys","1","Other","l",NA,"Male",NA,0,"Partner","None",NA
222,"Bet","Dav",0,"Weak","no","NonPhys","4","Other","l",NA,"Female",NA,0,"Subject","None",NA
223,"Marg","Ken",0,"Strong","no","NonPhys","14","Other","l",NA,NA,NA,0,"Partner","None",NA
224,"Marg","Ant",0,"Strong","yes","NonPhys","25","Other","l",NA,"Male",NA,0,"Partner","None",NA
225,"Marg","Marg",1,"Average","no","NonPhys","9","Other","l",1,"Male","1,0",0,"Partner","Partner",NA
226,"Marg","Kar",0,"Weak","no","NonPhys","18","Other","s",NA,"Female",NA,0,"beide","None",NA
227,"Marg","Wil",1,"Average","no","Physical","13","Other","m",2,"Female","44,0",0,"Partner","Partner",NA
228,"Marg","Rob",0,"Average","no","NonPhys","2","Other","l",NA,"Female",NA,0,"Partner","None",NA
229,"Mary","Ant",0,"Average","no","NonPhys","11","Other","l",NA,"Male",NA,0,"Partner","None",NA
230,"Mary","Mat",0,"Strong","yes","NonPhys","4","Other","l",NA,"Male",NA,0,"Partner","None",NA
231,"Emi","DonF",0,"Average","no","NonPhys","32","Other","l",NA,"Male",NA,0,"Partner","None",NA
232,"Emi","Wil",1,"Average","no","NonPhys","2","Other","s",0,"Female","33,0",0,"Partner","Partner",NA
233,"Emi","And",1,"Strong","yes","Physical","2","Other","m",1,"Female","54,0",0,"Partner","Subject",NA
234,"Lis","Tim",0,"Weak","n","NonPhys","1","Other","l",NA,"Female",NA,0,"Partner","None",NA
235,"Eli","Ant",1,"Strong","no","NonPhys","2","Other","l",1,"Male","4,0",0,"Subject","Partner",NA
236,"Eli","Kim",1,"Weak","no","NonPhys","13","Other","l",15,"Female","9,0",0,"beide","Subject",NA
237,"Deb","Mel",0,"Strong","no","NonPhys","4","Food","l",NA,"Female",NA,0,"beide","None",NA
238,"Emi","Step",0,"Weak","no","NonPhys","6","Other","l",NA,"Male",NA,0,"Partner","None",NA
239,"Ash","Kar",0,"Average","yes","NonPhys","14","Other","m",NA,"Female",NA,0,"Partner","None",NA
240,"Marg","Wil",0,"Average","no","NonPhys","4","Other","m",NA,"Female",NA,1,"Partner","None",1392
241,"Marg","Wil",0,"Average","no","NonPhys","5","Other","m",NA,"Female",NA,0,"Partner","None",NA
242,"Marg","Car",0,"Average","no","NonPhys","1","Other","l",NA,"Female",NA,0,"Partner","None",NA
243,"Deb","Mel",1,"Strong","no","NonPhys","2","Other","l",1,"Female","88,0",0,"Subject","Partner",NA
244,"Deb","Bri",1,"Weak","no","NonPhys","2","Other","m",1,"Female","23,0",0,"Subject","Partner",NA
245,"Lis","Dav",0,"Strong","no","NonPhys","1","Other","l",NA,"Female",NA,1,"Subject","None",161
246,"Lis","Dav",0,"Strong","no","NonPhys","1","Other","l",NA,"Female",NA,0,"Subject","None",NA
247,"Bet","Josh",1,"Average","no","NonPhys","1","Other","l",1,"Male","33,0",0,"Partner","Partner",NA
248,"Marg","Kev",0,"Weak","no","NonPhys","1","Other","l",NA,"Male",NA,0,"Subject","None",NA
249,"Ash","Nan",0,"Weak","no","NonPhys","1","Other","s",NA,"Female",NA,1,"Subject","None",703
250,"Ash","Nan",0,"Weak","no","NonPhys","91","Other","s",NA,NA,NA,0,"Subject","None",NA
251,"Eli","Mic",0,"Strong","no","NonPhys","23","Other","s",NA,"Female",NA,0,"Subject","None",NA
252,"Eli","Josh",1,"Strong","no","Physical","2","Other","l",1,"Male","35,0",0,"Partner","Partner",NA
253,"Emi","Wil",1,"Average","no","NonPhys","1","Other","s",1,"Female","16,0",0,"Subject","Partner",NA
254,"Emi","Dav",0,"Strong","no","NonPhys","6","Other","m",NA,"Female",NA,0,"Subject","None",NA
255,"Mary","Joh",0,"Average","no","NonPhys","4","Other","s",NA,"Female",NA,0,"Subject","None",NA
256,"Mary","Lin",0,"Average","no","NonPhys","1","Other","n",NA,"Female",NA,0,"Partner","None",NA
257,"Mary","Lin",0,"Average","no","NonPhys","16","Other","m",NA,"Female",NA,0,"Partner","None",NA
258,"Marg","Cha",0,"Weak","no","NonPhys","1","Other","l",NA,"Female",NA,0,"Subject","None",NA
259,"Lis","Chr",0,"Weak","no","NonPhys","4","Sex","m",NA,"Female",NA,0,"Subject","None",NA
260,"Mary","DonF",0,"Average","no","NonPhys","8","Other","l",NA,"Male",NA,0,"Partner","None",NA
261,"Mary","Jen",0,"Weak","no","NonPhys","3","Other","s",NA,"Female",NA,0,"Partner","None",NA
262,"Mary","Josh",0,"Weak","no","NonPhys","1","Other","l",NA,"Male",NA,0,"Partner","None",NA
263,"Marg","Tim",0,"Weak","no","NonPhys","95","Other","l",NA,"Female",NA,0,"Subject","None",NA
264,"Marg","Ric",0,"Weak","no","NonPhys","21","Other","l",NA,"Female",NA,0,"Subject","None",NA
265,"Marg","Pau",1,"Strong","no","NonPhys","181","Food","m",1,"Female","143,0",0,"Partner","Subject",NA
266,"Marg","Josh",0,"Strong","no","NonPhys","1","Other","l",NA,"Male",NA,0,"Partner","None",NA
267,"Marg","Mic",1,"Average","no","NonPhys","1","Other","m",1,"Female","24,0",0,"Partner","Subject",NA
268,"Mary","Mic",1,"Average","yes","NonPhys","2","Other","m",1,"Female","33,0",1,"Partner","beide",834
269,"Mary","Ama",0,"Weak","no","NonPhys","2","Food","l",NA,"Male",NA,0,"Partner","None",NA
270,"Mary","Lin",0,"Average","no","NonPhys","6","Food","m",NA,"Female",NA,0,"Partner","None",NA
271,"Mary","Mic",1,"Average","yes","Physical","1","Other","m",1,"Female","31,0",0,"Partner","Subject",NA
272,"Mary","Mic",1,"Average","yes","Physical","1","Other","m",1,"Female","224,0",1,"Partner","Subject",234
273,"Mary","Mic",0,"Average","yes","NonPhys","2","Other","m",NA,"Female",NA,0,"Partner","None",NA
274,"Ash","Mic",1,"Weak","no","NonPhys","1","Other","l",1,"Female","12,0",1,"Partner","Partner",454
275,"Ash","Mic",0,"Weak","no","NonPhys","18","Other","l",27,"Female",NA,0,"Partner","None",NA
276,"Marg","Kar",0,"Weak","no","NonPhys","3","Other","s",NA,"Female",NA,0,"Subject","None",NA
277,"Marg","Mat",1,"Strong","yes","NonPhys","2","Other","l",191,"Male","182,0",0,"Subject","beide",NA
278,"Marg","Car",0,"Average","no","NonPhys","1","Other","l",NA,"Female",NA,0,"Partner","None",NA
279,"Marg","Mark",1,"Average","no","NonPhys","1","Other","l",136,"Male","1,0",0,"Partner","Subject",NA
280,"Marg","Mic",0,"Average","no","NonPhys","2","Sex","m",NA,"Female",NA,0,"Partner","None",NA
281,"Marg","Bri",1,"Strong","no","NonPhys","39","Other","s",1,"Female","1,0",0,"beide","Partner",NA
282,"Ash","And",1,"Strong","y","NonPhys","1","Other","s",1,"Female","2,0",1,"Partner","Partner",67
283,"Ash","And",0,"Strong","yes","NonPhys","1","Other","s",NA,"Female",NA,0,"Partner","None",NA
284,"Ash","Ken",1,"Strong","no","NonPhys","4","Other","l",251,"Male","393,0",0,"Partner","Subject",NA
285,"Eli","Dan",0,"Average","yes","NonPhys","11","Other","l",NA,"Male",NA,0,"Partner","None",NA
286,"Eli","Bar",1,"Strong","no","NonPhys","62","Other","l",88,"Male","559,0",0,"Subject","Subject",NA
287,"Lis","Step",1,"Weak","no","NonPhys","16","Other","l",2,"Male","16,0",0,"Subject","beide",NA
288,"Deb","Ric",1,"Weak","no","NonPhys","3","Other","l",3,"Female","2,0",0,"Subject","Partner",NA
289,"Bet","Tim",0,"Weak","no","NonPhys","1","Food","l",NA,"Female",NA,0,"Subject","None",NA
290,"Mary","Mic",0,"Average","yes","NonPhys","21","Other","m",NA,"Female",NA,0,"Partner","None",NA
291,"Mary","DonF",0,"Average","no","NonPhys","5","Other","l",NA,"Male",NA,0,"Partner","None",NA
292,"Mary","Ama",0,"Weak","no","NonPhys","1","Food","l",NA,"Male",NA,1,"Partner","None",163
293,"Mary","Mat",1,"Strong","yes","NonPhys","1","Food","l",1,"Male","9,0",1,"Partner","Subject",729
294,"Mary","Mary",0,"Weak","no","NonPhys","1","Other","l",NA,"Male",NA,0,"Partner","None",NA
295,"Mary","Ama",0,"Weak","no","NonPhys","3","Food","l",NA,"Male",NA,0,"Partner","None",NA
296,"Mary","Mat",0,"Strong","yes","NonPhys","2","Other","l",NA,"Male",NA,0,"Partner","None",NA
297,"Ash","Joh",1,"Average","yes","NonPhys","2","Other","m",1,"Female","102,0",0,"Partner","Partner",NA
298,"Mary","Lin",0,"Average","no","NonPhys","6","Food","m",NA,"Female",NA,0,"Subject","None",NA
299,"Ash","Lin",0,"Strong","no","NonPhys","1","Other","l",NA,"Female",NA,0,"Partner","None",NA
300,"Ash","San",1,"Average","no","NonPhys","325","Other","m",561,"Female","319,0",0,"Partner","Partner",NA
301,"Lis","Ant",0,"Average","no","NonPhys","115","Other","l",NA,NA,NA,0,"Partner","None",NA
302,"Lis","Stev",0,"Average","yes","NonPhys","2","Other","l",NA,"Male",NA,0,"Partner","None",NA
303,"Marg","Car",0,"Average","no","NonPhys","36","Other","l",NA,"Female",NA,0,"Partner","None",NA
304,"Marg","Chr",1,"Average","no","NonPhys","1","Other","m",1,"Female","1,0",0,"Partner","Subject",NA
305,"Marg","Tho",0,"Average","no","NonPhys","83","Other","l",NA,"Male",NA,0,"Partner","None",NA
306,"Emi","Car",0,"Strong","no","NonPhys","15","Other","l",NA,"Female",NA,0,"Partner","None",NA
307,"Eli","Mat",0,"Average","no","NonPhys","1","Sex","l",NA,"Male",NA,0,"Partner","None",NA
308,"Lis","Wil",0,"Average","no","NonPhys","2","Food","m",NA,"Female",NA,1,"Subject","None",305
309,"Lis","Wil",0,"Average","no","NonPhys","1","Food","m",NA,"Female",NA,0,"Subject","None",NA
310,"Lis","Mel",0,"Strong","no","NonPhys","5","Other","l",NA,"Female",NA,0,"Subject","None",NA
311,"Lis","Wil",1,"Average","no","NonPhys","72","Other","m",1,"Female","141,0",0,"Subject","Subject",NA
312,"Ash","San",1,"Average","no","NonPhys","2","Other","m",2,"Female","8,0",0,"Partner","Subject",NA
313,"Ash","Ama",0,"Average","no","NonPhys","1","Other","l",NA,"Male",NA,0,"Partner","None",NA
314,"Ash","DonF",0,"Average","yes","NonPhys","1","Other","l",NA,"Male",NA,0,"Partner","None",NA
315,"Emi","Tim",0,"Average","no","NonPhys","1","Other","l",NA,"Female",NA,0,"Partner","None",NA
316,"Mary","Ama",1,"Weak","no","NonPhys","2","Other","l",239,"Male","441,0",0,"Partner","Subject",NA
317,"Mary","Car",1,"Strong","yes","NonPhys","6","Other","m",1,"Female","3,0",0,"Partner","Subject",NA
318,"Mary","Tim",1,"Strong","no","NonPhys","1","Other","l",2,"Female","184,0",1,"Subject","Subject",317
319,"Mary","Tim",1,"strong","no","NonPhys","1","Other","l",1,"Female","426,0",0,"Subject","Partner",NA
320,"Mary","Car",1,"Strong","yes","NonPhys","6","Other","m",1,"Female","3,0",0,"Subject","Partner",NA
321,"Mary","Lin",0,"Average","no","NonPhys","1","Other","m",NA,"Female",NA,0,"Partner","None",NA
322,"Emi","Wil",0,"Average","no","NonPhys","2","Other","s",NA,"Female",NA,0,"Partner","None",NA
323,"Ash","Jen",0,"Weak","no","NonPhys","11","Other","l",NA,"Female",NA,0,"Partner","None",NA
324,"Ash","Cha",1,"Average ","no","NonPhys","14","Other","s",1,"Female","11,0",0,"Partner","Partner",NA
325,"Deb","Cha",0,"Average","no","NonPhys","1","Other","l",NA,"Female",NA,0,"Subject","None",NA
326,"Bet","Tim",0,"Weak","no","NonPhys","2","Other","l",NA,"Female",NA,0,"Subject","None",NA
327,"Lis","Joh",1,"Strong","n","NonPhys","3","Other","m",1,"Female","3,0",0,"Subject","Partner",NA
328,"Marg","Mic",1,"Average","no","Physical","1","Other","m",1,"Female","531,0",0,"Partner","Partner",NA
329,"Marg","Wil",0,"Average","no","NonPhys","40","Other","m",NA,"Female",NA,0,"Partner","None",NA
330,"Marg","Bri",0,"Strong","no","NonPhys","2","Food","s",NA,"Female",NA,0,"Partner","None",NA
331,"Marg","Mat",1,"Strong","yes","NonPhys","1","Sex","l",1,"Male","156,0",0,"Partner","Subject",NA
332,"Emi","Bri",0,"Average","no","NonPhys","5","Other","s",NA,"Female",NA,0,"Subject","None",NA
333,"Emi","Dan",0,"Average","no","NonPhys","1","Other","l",NA,"Male",NA,0,"Partner","None",NA
334,"Deb","Wil",0,"Weak","no","NonPhys","9","Other","m",NA,"Female",NA,0,"Subject","None",NA
335,"Deb","Ama",0,"Average","no","NonPhys","6","Other","l",NA,"Male",NA,0,"Partner","None",NA
336,"Ash","Cha",0,"Average","no","NonPhys","1","Other","s",NA,"Female",NA,0,"Subject","None",NA
337,"Ash","Ken",0,"Strong","no","NonPhys","17","Other","l",NA,"Male",NA,0,"Partner","None",NA
338,"Ash","And",0,"Strong","yes","NonPhys","6","Other","s",NA,"Female",NA,0,"Partner","None",NA
339,"Ash","Nan",0,"Weak","no","NonPhys","1","Other","s",NA,"Female",NA,0,"Subject","None",NA
340,"Marg","Pau",1,"Strong","no","NonPhys","3","Other","m",1,"Female","51,0",1,"Subject","Subject",254
341,"Marg","Josh",0,"Strong","no","NonPhys","70","Other","l",NA,"Male",NA,0,"Partner","None",NA
342,"Marg","Pau",0,"Strong","no","NonPhys","7","Other","m",NA,"Female",NA,0,"Partner","None",NA
343,"Eli","San",0,"Weak","no","NonPhys","2","Other","m",NA,"Female",NA,0,"beide","None",NA
344,"Ash","And",1,"Strong","yes","NonPhys","146","Other","s",1,"Female","2,0",0,"Partner","Subject",NA
345,"Emi","Lin",0,"Strong","no","NonPhys","1","Other","m",NA,"Female",NA,1,"Partner","None",202
346,"Emi","Lin",0,"Strong","no","NonPhys","1","Other","m",NA,"Female",NA,0,"Partner","None",NA
347,"Emi","Wil",0,"Average","no","NonPhys","3","Other","s",NA,"Female",NA,0,"Partner","None",NA
348,"Eli","Mic",0,"Strong","no","NonPhys","6","Other","s",NA,"Female",NA,0,"Partner","None",NA
349,"Eli","San",0,"Weak","no","NonPhys","3","Food","m",NA,"Female",NA,0,"Subject","None",NA
350,"Mary","Ama",1,"Weak","no","NonPhys","13","Sex","l",23,"Male","286,0",0,"Partner","Subject",NA
351,"Mary","Car",0,"Strong","yes","NonPhys","5","Other","m",NA,"Female",NA,0,"Partner","None",NA
352,"Mary","DonF",0,"Average","no","NonPhys","8","Other","l",NA,"Male",NA,0,"Partner","None",NA
353,"Mary","Joh",1,"Average","no","NonPhys","1","Other","s",1,"Female","5,0",0,"Subject","Partner",NA
354,"Ash","Kim",0,"Average","no","NonPhys","3","Other","m",NA,"F",NA,1,"Subject","None",483
355,"Ash","Nan",0,"Weak","no","NonPhys","26","Other","m",NA,"Female",NA,1,"Subject","None",362
356,"Ash","Kim",0,"Average","no","NonPhys","3","Other","m",NA,"Female",NA,0,"Subject","None",NA
357,"Ash","San",1,"Average","no","NonPhys","5","Other","m",18,"Female","2,0",0,"Subject","Subject",NA
358,"Ash","Nan",0,"Weak","no","NonPhys","5","Food","s",NA,"Female",NA,0,"Subject","None",NA
359,"Lis","Wil",0,"Average","no","NonPhys","1","Food","m",NA,"Female",NA,1,"Subject","None",467
360,"Lis","Wil",0,"Average","no","NonPhys","2","Other","m",NA,"Female",NA,0,"Subject","None",NA
361,"Marg","Mat",1,"Strong","yes","NonPhys","1","Other","l",1,"Male","58,0",0,"Partner","Partner",NA
362,"Marg","Chr",0,"Average","no","NonPhys","1","Other","m",NA,"Female",NA,0,"Partner","None",NA
363,"Ash","Jos",0,"Weak","no","NonPhys","2","Food","m",NA,"Female",NA,0,"Partner","None",NA
364,"Ash","Mic",0,"Weak","no","NonPhys","2","Food","l",NA,"Female",NA,0,"Partner","None",NA
365,"Mary","Dav",0,"Average","yes","NonPhys","1","Sex","m",NA,"Female",NA,0,"Subject","None",NA
366,"Eli","San",1,"Weak","no","NonPhys","1","Other","m",1,"Female","1,0",0,"Subject","Partner",NA
367,"Eli","Step",1,"Average","no","NonPhys","1","Other","l",0,"Male","1,0",0,"Partner","Subject",NA
368,"Eli","Mel",0,"Average","no","NonPhys","1","Other","l",NA,"Female",NA,0,"Subject","None",NA
369,"Marg","Dan",0,"Weak","no","NonPhys","2","Food","l",NA,"Male",NA,0,"Partner","None",NA
370,"Marg","Joh",1,"Strong","no","NonPhys","5","Other","m",1,"Female","5,0",0,"Partner","Partner",NA
371,"Bet","Step",0,"Weak","no","NonPhys","39","Other","l",NA,"Male",NA,0,"beide","None",NA
372,"Deb","Mark",1,"Strong","no","NonPhys","1","Other","l",1,"Male","3,0",0,"Subject","Partner",NA
373,"Emi","Ant",0,"Average","no","NonPhys","12","Other","l",NA,"Male",NA,0,"beide","None",NA
374,"Emi","Josh",0,"Average","yes","NonPhys","13","Other","l",NA,"Male",NA,0,"Partner","None",NA
375,"Emi","Ama",0,"Strong","no","NonPhys","4","Other","l",NA,"Male",NA,0,"Partner","None",NA
376,"Mary","Tim",1,"Strong","no","NonPhys","2","Other","l",1,"Female","14,0",0,"Subject","Partner",NA
377,"Deb","Car",0,"Strong","no","NonPhys","5","Other","m",NA,"Female",NA,0,"beide","None",NA
378,"Deb","Josh",1,"Average","no","NonPhys","2","Food","l",2,"Male","1,0",0,"Partner","Subject",NA
379,"Deb","Cha",0,"Average","no","NonPhys","1","Food","l",NA,"Female",NA,0,"Subject","None",NA
380,"Deb","And",0,"Weak","no","NonPhys","18","Food","l",NA,"Female",NA,1,"Subject","None",213
381,"Deb","And",0,"Weak","no","NonPhys","1","Food","l",NA,"Female",NA,0,"Subject","None",NA
382,"Deb","Chr",1,"Average","yes","NonPhys","2","Food","s",9,"Female","39,0",0,"Subject","Partner",NA
383,"Bet","Tim",0,"Weak","no","NonPhys","6","Food","l",NA,"Female",NA,0,"Subject","None",NA
384,"Bet","And",0,"Weak","no","NonPhys","33?","Other","l",NA,"Female",NA,1,"beide","None",432
385,"Bet","And",0,"Weak","no","NonPhys","12","Food","l",NA,"Female",NA,0,"Subject","None",NA
386,"Mary","Sar",1,"Strong","yes","NonPhys","1","Other","l",1,"Male","3,0",0,"Partner","Partner",NA
387,"Mary","Mel",1,"Average","yes","NonPhys","1","Other","l",1,"Female","9,0",0,"Subject","Partner",NA
388,"Mary","Mat",0,"Strong","yes","NonPhys","4","Other","l",NA,"Male",NA,0,"Partner","None",NA
389,"Mary","Car",1,"Strong","yes","Physical","7","Other","m",0,"Female","163,0",0,"Subject","Partner",NA
390,"Marg","Sar",0,"Weak","no","NonPhys","2","Sex","l",NA,"Male",NA,0,"Partner","None",NA
391,"Marg","Nan",0,"Weak","no","NonPhys","6","Other","l",NA,"Female",NA,0,"Subject","None",NA
392,"Marg","Mic",0,"Average","no","NonPhys","2","Other","m",NA,"Female",NA,0,"Partner","None",NA
393,"Bet","Chr",0,"Weak","no","NonPhys","1","Other","m",NA,"Female",NA,0,"Subject","None",NA
394,"Lis","Pau",0,"Weak","n","NonPhys","5","Other","m",NA,NA,NA,0,"Subject","None",NA
395,"Lis","Mark",0,"Average","no","NonPhys","30","Other","l",NA,"Male",NA,0,"Partner","None",NA
396,"Emi","Dav",1,"Strong","no","NonPhys","2","Other","m",1,"Female","209,0",0,"Subject","Partner",NA
397,"Marg","Pau",0,"Strong","no","NonPhys","6","Other","m",NA,"Female",NA,0,"Partner","None",NA
398,"Marg","Joh",0,"Strong","no","NonPhys","2","Other","m",NA,"Female",NA,0,"Partner","None",NA
399,"Eli","Sus",0,"Weak","no","NonPhys","1","Other","m",NA,"Female",NA,1,"Partner","None",268
400,"Eli","Sus",0,"Weak","no","NonPhys","2","Other","m",NA,"Female",NA,0,"Partner","None",NA
401,"Ash","Kim",1,"Average","no","NonPhys","31","Other","m",0,"Female","2,0",0,"Subject","Partner",NA
402,"Ash","Kim",1,"Average","no","NonPhys","1","Other","m",1,"Female","541,0",1,"Subject","Partner",774
403,"Ash","Kim",0,"Average","no","NonPhys","1","Other","m",NA,"Female",NA,0,"Subject","None",NA
404,"Ash","And",1,"Strong","yes","Physical","2","Other","s",1,"Female","5,0",0,"Partner","Partner",NA
405,"Mary","Sar",1,"Strong","yes","NonPhys","5","Other","l",1,"Male","5,0",0,"Partner","Subject",NA
406,"Mary","Dan",0,"Average","yes","NonPhys","16","Other","l",NA,"Male",NA,0,"Partner","None",NA
407,"Mary","Chr",0,"Weak","no","NonPhys","10","Sex","m",NA,"Female",NA,0,"Partner","None",NA
408,"Mary","Lin",1,"Average","no","Physical","2","Other","m",1,"Female","61,0",0,"Partner","Partner",NA
409,"Mary","Mark",1,"Strong","yes","NonPhys","1","Other","l",6,"Male","1,0",0,"Partner","Partner",NA
410,"Mary","Sus",0,"Average","yes","NonPhys","1","Sex","l",NA,"Female",NA,0,"Subject","None",NA
411,"Deb","Cha",0,"average","no","NonPhys","1","Other","l",NA,"Female",NA,0,"Subject","None",NA
412,"Eli","Bri",1,"Strong","no","NonPhys","60","Other","m",27,"Female","97,0",0,"Subject","Subject",NA
413,"Ash","Chr",0,"Weak","n","NonPhys","4","Other","l",NA,"Female",NA,0,"Subject","None",NA
414,"Mary","Kev",0,"Average","yes","NonPhys","2","Sex","l",NA,NA,NA,0,"Partner","None",NA
415,"Mary","Dan",0,"Average","yes","NonPhys","1","Sex","l",NA,"Male",NA,0,"Partner","None",NA
416,"Emi","Kev",1,"Strong","yes","NonPhys","23","Other","l",329,"Male","223,0",0,"Partner","Partner",NA
417,"Marg","And",0,"Weak","no","NonPhys","27","Other","l",NA,"Female",NA,0,"Partner","None",NA
418,"Eli","Mit",0,"Average","no","NonPhys","1","Other","l",NA,"Female",NA,0,"Subject","None",NA
419,"Bet","Pau",0,"Weak","no","Physical","14","Other","m",NA,"Female",NA,0,"Subject","None",NA
420,"Bet","Tim",0,"Weak","no","NonPhys","2","Other","l",NA,"Female",NA,0,"Subject","None",NA
421,"Lis","Sus",0,"Weak","yes","NonPhys","1","Other","s",NA,"Female",NA,0,"Partner","None",NA
422,"Marg","Car",0,"Average","no","NonPhys","2","Other","l",NA,"Female",NA,0,"Partner","None",NA
423,"Marg","DonF",0,"Average","no","NonPhys","1","Food","l",NA,"Male",NA,1,"Partner","None",187
424,"Marg","DonF",0,"Average","no","NonPhys","1","Food","l",NA,"Male",NA,1,"Partner","None",178
425,"Marg","DonF",0,"Average","no","NonPhys","2","Food","l",NA,"Male",NA,0,"Partner","None",NA
426,"Ash","And",1,"Strong","yes","NonPhys","3","Sex","s",165,"Female","17,0",0,"Partner","Partner",NA
427,"Mary","Ama",0,"Weak","no","NonPhys","4","Sex","l",NA,"Male",NA,0,"Partner","None",NA
428,"Emi","Ama",0,"Strong","no","NonPhys","7","Other","l",NA,"Male",NA,0,"Partner","None",NA
429,"Emi","Jes",0,"Weak","yes","NonPhys","3","Other","l",NA,"Female",NA,0,"Subject","None",NA
430,"Ash","San",0,"Average","no","NonPhys","1","Other","m",NA,"Female",NA,1,"Partner","None",274
431,"Ash","San",0,"Average","n","NonPhys","2","Other","m",NA,"Female",NA,0,"Partner","None",NA
432,"Lis","Wil",0,"Average","no","NonPhys","4","Food","m",NA,"Female",NA,0,"Subject","None",NA
433,"Mary","Car",0,"Strong","yes","NonPhys","2","Other","m",NA,"Female",NA,1,"Partner","None",94
434,"Mary","Car",0,"Strong ","yes","NonPhys","2","Food","m",NA,"Female",NA,1,"Partner","None",84
435,"Mary","Car",0,"Strong","yes","NonPhys","3","Food","m",NA,"Female",NA,0,"Partner","None",NA
436,"Mary","Tim",1,"Strong","no","Physical","94","Other","l",1,"Female","63,0",0,"Subject","Subject",NA
437,"Mary","Mary",0,"Average","yes","NonPhys","1","Other","l",NA,"Male",NA,1,"Partner","None",156
438,"Mary","Ron",0,"Average","no","NonPhys","5","Other","l",NA,NA,NA,0,"Partner","None",NA
439,"Mary","Dan",0,"Average","yes","NonPhys","1","Other","l",NA,"Male",NA,0,"Partner","None",NA
440,"Emi","And",0,"Strong","yes","NonPhys","1","Other","m",NA,"Female",NA,0,"Subject","None",NA
441,"Lis","Ant",1,"Average","no","Physical","3","Other","l",25,"Male","26,0",0,"Partner","Partner",NA
442,"Ash","Sar",1,"Strong","no","NonPhys","9","Other","l",58,"Male","2028,0",0,"Partner","Subject",NA
443,"Mary","Joh",0,"Average","no","NonPhys","1","Sex","s",NA,"Female",NA,0,"Subject","None",NA
444,"Mary","Mat",0,"Strong","yes","NonPhys","24","Sex","l",NA,"Male",NA,0,"Partner","None",NA
445,"Mary","Mark",0,"Strong","yes","NonPhys","27","Other","l",NA,"Male",NA,0,"Partner","None",NA
446,"Deb","Lin",0,"Weak","no","NonPhys","2","Other","s",NA,"Female",NA,0,"Subject","None",NA
447,"Marg","Ron",1,"Average","yes","NonPhys","1","Other","l",1,"Male","10,0",0,"Partner","Partner",NA
448,"Marg","Ant",0,"Strong","yes","NonPhys","1","Other","l",NA,"Male",NA,0,"Partner","None",NA
449,"Marg","Mark",0,"Average","no","NonPhys","1","Sex","l",NA,"Male",NA,0,"Partner","None",NA
450,"Marg","Ron",0,"Strong","yes","NonPhys","4","Other","l",NA,"M",NA,1,"Partner","None",1104
451,"Marg","Dan",0,"Weak","no","NonPhys","4","Sex","l",NA,"Male",NA,0,"Partner","None",NA
452,"Marg","Ron",0,"Average","yes","NonPhys","1","Other","l",NA,"Male",NA,0,"Partner","None",NA
453,"Ash","And",1,"Strong","yes","NonPhys","1","Other","s",1,"Female","2,0",0,"Partner","Subject",NA
454,"Mary","Ama",0,"Weak","no","NonPhys","1","Sex","l",NA,"Male",NA,0,"Partner","None",NA
455,"Emi","And",1,"Strong","yes","NonPhys","2","Other","m",1,"Female","1,0",0,"Subject","Subject",NA
456,"Bet","Joh",1,"Average","n","NonPhys","2","Other","m",0,"Female","2,0",1,"Subject","Partner",108
457,"Bet","Joh",0,"Average","no","NonPhys","2","Other","m",NA,"Female",NA,0,"Subject","None",NA
458,"Emi","Chr",0,"Average","no","NonPhys","1","Other","m",NA,"Female",NA,0,"Partner","None",NA
459,"Emi","And",1,"Strong","yes","NonPhys","2","Other","m",1,"Female","3,0",0,"Subject","Subject",NA
460,"Emi","Car",1,"Average","no","Physical","205","Other","l",62,"Female","278,0",0,"Subject","Subject",NA
461,"Marg","Josh",1,"Strong","no","NonPhys","1","Other","l",1,"Male","197,0",1,"Partner","Subject",619
462,"Marg","Josh",1,"Strong","no","NonPhys","1","Other","l",1,"Male","249,0",0,"Partner","Subject",NA
463,"Mary","Dav",1,"Average","yes","NonPhys","6","Other","m",0,"Female","98,0",1,"Subject","Subject",353
464,"Mary","Ama",0,"Weak","no","NonPhys","1","Sex","l",NA,"Male",NA,0,"Partner","None",NA
465,"Mary","Car",0,"Strong","yes","NonPhys","3","Other","m",NA,"Female",NA,0,"Partner","None",NA
466,"Mary","Dav",1,"Average","yes","NonPhys","2","Other","m",1,"Female","9,0",1,"Subject","Subject",27
467,"Mary","Dav",1,"Average","yes","NonPhys","2","Other","m",0,"Female","59,0",0,"Subject","Subject",NA
468,"Mary","Mic",0,"Average","yes","NonPhys","8","Sex","m",NA,"Female",NA,1,"Partner","None",40
469,"Mary","Ama",0,"Weak","no","NonPhys","1","Sex","l",NA,"Male",NA,1,"Partner","None",361
470,"Mary","Mic",0,"Average","yes","NonPhys","1","Sex","m",NA,"Female",NA,1,"Partner","None",269
471,"Mary","Mic",1,"Average","yes","NonPhys","2","Sex","m",9,"Female","16,0",0,"Partner","Partner",NA
472,"Mary","Ama",1,"Weak","no","NonPhys","20","Sex","l",80,"M","209,0",0,"Partner","Partner",NA
473,"Lis","Ama",0,"Strong","yes","NonPhys","4","Other","l",NA,"Male",NA,0,"Partner","None",NA
474,"Lis","Joh",0,"Strong","no","NonPhys","4","Other","m",NA,"Female",NA,1,"Subject","None",402
475,"Lis","Joh",1,"Strong","no","NonPhys","2","Other","m",2,"Female","2,0",0,"Subject","Partner",NA
476,"Mary","Dan",0,"Average","yes","NonPhys","1","Other","l",NA,"Male",NA,0,"Subject","None",NA
477,"Mary","Kev",0,"Average","yes","NonPhys","3","Sex","l",NA,"Male",NA,0,"Partner","None",NA
478,"Mary","Kev",0,"Average","yes","NonPhys","1","Sex","l",NA,"Male",NA,0,"Partner","None",NA
479,"Mary","Lin",0,"Average","no","NonPhys","1","Other","m",NA,"Female",NA,0,"Partner","None",NA
480,"Mary","Ama",0,"Weak","no","NonPhys","379","Other","l",NA,"Male",NA,0,"Partner","None",NA
481,"Mary","Chr",0,"Weak","no","NonPhys","1","Sex","m",NA,"Female",NA,0,"Partner","None",NA
482,"Bet","Cha",0,"Average","no","NonPhys","6","Other","l",NA,"Female",NA,0,"Subject","None",NA
483,"Bet","DonM",1,"Weak","no","NonPhys","1","Other","l",1,"Male","13,0",0,"Partner","Partner",NA
484,"Bet","Joh",0,"Average","no","NonPhys","1","Other","m",NA,"Female",NA,0,"Subject","None",NA
485,"Bet","Pau",0,"Weak","no","NonPhys","2","Food","m",NA,"Female",NA,0,"Subject","None",NA
486,"Bet","Chr",0,"Weak","no","NonPhys","4","Other","m",NA,"Female",NA,0,"Subject","None",NA
487,"Emi","Dav",0,"Strong","no","NonPhys","1","Food","m",NA,"Female",NA,0,"Subject","None",NA
488,"Emi","Bri",0,"Average","no","NonPhys","1","Other","l",NA,"Female",NA,0,"Subject","None",NA
489,"Eli","Step",0,"Average","no","NonPhys","89","Other","l",NA,"Male",NA,0,"Partner","None",NA
490,"Eli","Mit",1,"Average","no","NonPhys","2","Other","l",12,"Female","141,0",0,"Subject","Partner",NA
491,"Marg","Bar",1,"Average","no","NonPhys","1","Other","l",2,"Male","1,0",0,"Partner","Partner",NA
492,"Mary","Kar",0,"Weak","no","NonPhys","32","Other","m",NA,"Female",NA,0,"Subject","None",NA
493,"Emi","Step",0,"Average","no","NonPhys","8","Other","l",NA,"Male",NA,0,"Partner","None",NA
494,"Emi","Ron",1,"Strong","no","NonPhys","15","Other","l",85,"Male","48,0",0,"Partner","Partner",NA
495,"Lis","Wil",0,"Average","no","NonPhys","43","Food","m",NA,"Female",NA,0,"Subject","None",NA
496,"Lis","Josh",0,"Average","yes","NonPhys","4","Other","l",NA,"Male",NA,0,"Partner","None",NA
497,"Eli","Chr",0,"Average","no","NonPhys","1","Other","s",NA,NA,NA,0,"Partner","None",NA
498,"Ash","Dav",0,"Weak ","no","NonPhys","7","Food","m",NA,"Female",NA,0,"Partner","None",NA
499,"Ash","San",1,"Average","no","NonPhys","5","Other","m",2,"Female","6,0",1,"Partner","Subject",62
500,"Ash","San",0,"Average","no","NonPhys","1","Other","m",NA,"Female",NA,0,"Partner","None",NA
501,"Marg","Dan",0,"Weak","no","NonPhys","2","Other","l",NA,"Male",NA,0,"Partner","None",NA
502,"Marg","Ant",1,"Strong","yes","NonPhys","1","Other","l",53,"Male","1054,0",0,"Partner","beide",NA
503,"Deb","Mel",1,"Strong","no","NonPhys","1","Other","l",1,"Female","663,0",0,"Subject","Subject",NA
504,"Bet","Stev",0,"Average","no","NonPhys","1","Other","l",NA,"Male",NA,0,"Partner","None",NA
505,"Bet","Step",0,"Average","no","NonPhys","1","Other","l",NA,"Male",NA,1,"Partner","None",159
506,"Bet","Pau",0,"Weak","no","NonPhys","1","Other","m",NA,"Female",NA,1,"Subject","None",371
507,"Bet","Step",1,"Weak","no","NonPhys","1","Other","l",1,"Male","1,0",0,"Partner","Subject",NA
508,"Bet","Pau",1,"Weak","no","NonPhys","2","Other","m",20,"Female","397,0",0,"Subject","Partner",NA
509,"Bet","Dav",0,"Weak","no","NonPhys","1","Other","l",NA,"Female",NA,0,"Subject","None",NA
510,"Lis","Bri",0,"Average","no","NonPhys","1","Other","l",NA,"Female",NA,0,"Subject","None",NA
511,"Deb","Ama",0,"Average","no","NonPhys","16","Other","l",NA,"Male",NA,0,"Partner","None",NA
512,"Deb","Bri",0,"Weak","no","NonPhys","1","Other","m",NA,"Female",NA,0,"Subject","None",NA
513,"Deb","Mel",1,"Strong","no","NonPhys","7","Other","l",97,"Female","10,0",0,"Subject","Subject",NA
514,"Deb","Lin",0,"Weak","no","NonPhys","1","Sex","s",NA,"Female",NA,0,"Partner","None",NA
515,"Lis","Ama",1,"Strong","yes","NonPhys","1","Sex","l",410,"Male","410,0",0,"Partner","Subject",NA
516,"Lis","Ant",0,"Average","no","NonPhys","1","Other","l",NA,"Male",NA,0,"Partner","None",NA
517,"Ash","Ama",0,"Average","no","NonPhys","1","Other","l",NA,"Male",NA,0,"Partner","None",NA
518,"Ash","Lin",0,"Weak","no","NonPhys","1","Other","l",NA,"Female",NA,1,"Partner","None",336
519,"Ash","Lin",0,"Weak","no","NonPhys","1","Sex","l",NA,"Female",NA,0,"Partner","None",NA
520,"Marg","Mat",0,"Strong","yes","NonPhys","3","Other","l",NA,"Male",NA,0,"Partner","None",NA
521,"Marg","Cha",0,"Weak","no","NonPhys","4","Other","l",NA,"Female",NA,0,"Partner","None",NA
522,"Lis","Wil",1,"Average","no","NonPhys","1","Other","m",3,NA,"432,0",0,"Subject","Subject",NA
523,"Lis","Ant",0,"Average","no","NonPhys","1","Other","l",NA,"Male",NA,0,"Partner","None",NA
524,"Lis","DonM",1,"Average","no","NonPhys","1","Other","l",1,"Male","145,0",0,"Partner","Partner",NA
525,"Emi","Mel",1,"Strong","no","NonPhys","1","Other","l",63,"Female","132,0",1,"Subject","Subject",1588
526,"Emi","Cha",0,"Average","no","NonPhys","30","Other","l",NA,"Female",NA,0,"Subject","None",NA
527,"Emi","Mel",0,"Strong","no","NonPhys","3","Other","l",NA,"Female",NA,0,"Subject","None",NA
528,"Mary","Lin",0,"Average","no","NonPhys","1","Other","m",NA,"Female",NA,0,"Partner","None",NA
529,"Mary","Mark",0,"Strong","yes","NonPhys","1","Other","l",NA,"Male",NA,0,"Partner","None",NA
530,"Mary","Dan",1,"Average","yes","NonPhys","290","Other","l",271,"Male","1,0",1,"Partner","Partner",294
531,"Mary","Dan",0,"Average","yes","NonPhys","1","Other","l",NA,"M",NA,0,"Partner","None",NA
532,"Mary","Mel",0,"Average","yes","NonPhys","1","Other","l",NA,"Female",NA,0,"Subject","None",NA
533,"Deb","Sar",1,"Strong","no","NonPhys","1","Sex","l",249,"Male","17,0",0,"Partner","beide",NA
534,"Marg","Joh",1,"Strong","no","Physical","23","Other","m",1,"Female","153,0",0,"Partner","beide",NA
535,"Marg","San",0,"Average","n","NonPhys","41","Other","s",NA,"Female",NA,0,"Partner","None",NA
536,"Marg","Kar",0,"Weak","no","NonPhys","1","Other","s",NA,"Female",NA,0,"Subject","None",NA
537,"Marg","Step",0,"Average","no","NonPhys","32","Other","l",NA,"Male",NA,0,"Partner","None",NA
538,"Ash","Kar",1,"Average","yes","NonPhys","2","Other","m",21,"Female","2,0",1,"Partner","beide",202
539,"Ash","Kar",1,"Average","yes","NonPhys","2","Other","m",1,"Female","34,0",1,"Partner","Partner",159
540,"Ash","Kar",1,"Average","yes","NonPhys","1","Other","m",2,"Female","48,0",0,"Partner","Subject",NA
541,"Ash","Chr",0,"Weak","no","NonPhys","1","Sex","l",NA,"Female",NA,1,"Partner","None",122
542,"Ash","Chr",0,"Weak","no","NonPhys","1","Sex","l",NA,"Female",NA,0,"Partner","None",NA
543,"Ash","Nan",0,"Weak","no","NonPhys","1","Other","s",NA,"Female",NA,0,"Subject","None",NA
544,"Lis","Bri",0,"Average","no","NonPhys","3","Other","l",NA,"Female",NA,0,"Subject","None",NA
545,"Deb","Mic",0,"Weak","no","NonPhys","1","Other","s",NA,"Female",NA,0,"Subject","None",NA
546,"Deb","Joh",0,"Average","yes","NonPhys","1","Other","m",NA,"Female",NA,0,"Subject","None",NA
547,"Deb","Pau",1,"Average","yes","NonPhys","2","Other","m",9,"Female","3,0",0,"Subject","Subject",NA
548,"Bet","Pau",1,"Weak","no","NonPhys","1","Other","m",4,"Female","266,0",0,"Subject","Partner",NA
549,"Bet","Mic",1,"Weak","no","NonPhys","5","Other","s",0,"Female","192,0",0,"Subject","beide",NA
550,"Eli","San",0,"Weak","no","NonPhys","69","Other","m",NA,"Female",NA,0,"Partner","None",NA
551,"Eli","Mel",0,"Average","no","NonPhys","1","Other","l",NA,"Female",NA,0,"Subject","None",NA
552,"Lis","DonM",1,"Average","no","Physical","1","Other","l",9,"Male","173,0",0,"Partner","Partner",NA
553,"Mary","Jen",0,"Weak","no","NonPhys","1","Other","s",NA,"Female",NA,1,"Partner","None",256
554,"Mary","Jen",0,"Weak","no","NonPhys","7","Other","s",NA,"Female",NA,0,"beide","None",NA
555,"Mary","Step",0,"Strong","no","NonPhys","1","Other","l",NA,"Male",NA,0,"Partner","None",NA
556,"Mary","Ant",0,"Average","no","NonPhys","1","Other","l",NA,"Male",NA,0,"Partner","None",NA
557,"Mary","DonF",0,"Average","no","NonPhys","1","Other","l",NA,"Male",NA,0,"Partner","None",NA
558,"Mary","Sar",0,"Strong","yes","NonPhys","8","Other","l",NA,"Male",NA,0,"Partner","None",NA
559,"Mary","Pau",0,"Average","yes","NonPhys","2","Other","s",NA,"Female",NA,0,"Partner","None",NA
560,"Mary","Car",0,"Strong","y","NonPhys","1","Other","m",NA,"Female",NA,0,"Partner","None",NA
561,"Mary","Tho",1,"Average","no","NonPhys","1","Other","l",1,"Male","50,0",0,"Partner","Partner",NA
562,"Lis","Mel",1,"Strong","no","Physical","7","Other","l",1,"Female","8,0",0,"Subject","Subject",NA
563,"Lis","Bri",1,"Average","no","NonPhys","1","Sex","l",27,"Female","2,0",0,"Subject","Subject",NA
564,"Emi","Wil",1,"Average","no","NonPhys","1","Other","s",3,"Female","6,0",0,"Partner","Partner",NA
565,"Emi","Wil",1,"Average","no","NonPhys","4","Other","s",1,"Female","33,0",0,"Partner","Partner",NA
566,"Emi","Ron",1,"Strong","no","NonPhys","5","Other","l",11,"Male","56,0",0,"Partner","Partner",NA
567,"Eli","And",1,"Weak","n","NonPhys","3","Other","l",1,"Female","24,0",1,"Subject","Partner",222
568,"Eli","And",1,"Weak","no","NonPhys","4","Other","l",2,"Female","21,0",0,"Subject","Subject",NA
569,"Mary","Ant",0,"Average","no","NonPhys","1","Other","l",NA,"Male",NA,0,"Partner","None",NA
570,"Marg","Ron",0,"Average","yes","NonPhys","6","Other","l",NA,"Male",NA,0,"Partner","None",NA
571,"Marg","Mel",0,"Average","no","NonPhys","72","Other","l",NA,"Female",NA,0,"Subject","None",NA
572,"Ash","And",1,"Strong","yes","NonPhys","1","Other","s",2,"Female","5,0",0,"Partner","Partner",NA
573,"Emi","Dav",0,"Strong","no","NonPhys","5","Other","m",NA,"Female",NA,1,"Subject","None",79
574,"Emi","Mark",0,"Weak","yes","NonPhys","1","Sex","l",NA,"Male",NA,0,"Partner","None",NA
575,"Emi","Dav",0,"Strong ","no","NonPhys","1","Other","m",NA,"Female",NA,1,"Subject","None",425
576,"Emi","Dav",0,"Strong","no","NonPhys","2","Other","m",NA,"Female",NA,0,"Subject","None",NA
577,"Emi","Mat",0,"Average","yes","NonPhys","1","Other","l",NA,"Male",NA,0,"Partner","None",NA
578,"Deb","Pat",0,"Weak","no","NonPhys","1","Other","s",NA,"F",NA,0,"Partner","None",NA
579,"Deb","Tim",1,"Strong","no","NonPhys","1","Other","l",15,"Female","171,0",0,"Subject","Partner",NA
580,"Ash","And",1,"Strong","yes","NonPhys","1","Other","s",1,"Female","12,0",0,"Partner","Partner",NA
581,"Mary","Lin",0,"Average","no","NonPhys","1","Other","m",NA,"Female",NA,0,"Partner","None",NA
582,"Mary","Ken",0,"Weak","no","NonPhys","1","Other","l",NA,"Male",NA,1,"Partner","None",330
583,"Mary","Ken",0,"Weak","no","NonPhys","2","Other","l",NA,"Male",NA,0,"Partner","None",NA
584,"Bet","Pau",1,"Weak","no","NonPhys","2","Other","m",1,"Female","3,0",0,"Subject","Partner",NA
585,"Bet","Tim",1,"Weak ","no","Physical","2","Other","l",1,"Female","8,0",0,"Subject","Subject",NA
586,"Bet","Joh",0,"Average","no","NonPhys","1","Other","m",NA,"Female",NA,0,"Subject","None",NA
587,"Emi","Ama",0,"Strong","no","NonPhys","8","Other","l",NA,"Male",NA,0,"Partner","None",NA
588,"Eli","Step",0,"Average","no","NonPhys","3","Other","l",NA,"Male",NA,0,"Partner","None",NA
589,"Lis","Wil",0,"Average","no","NonPhys","4","Other","m",NA,"Female",NA,0,"Subject","None",NA
590,"Deb","Joh",0,"Average","yes","NonPhys","1","Food","m",NA,"Female",NA,1,"Subject","None",517
591,"Deb","Pat",0,"Weak","no","NonPhys","1","Other","s",NA,"Female",NA,0,"Partner","None",NA
592,"Deb","Joh",0,"Average","yes","NonPhys","1","Other","m",NA,"Female",NA,0,"Subject","None",NA
593,"Bet","Nan",0,"Weak","no","NonPhys","1","Other","l",NA,"Female",NA,0,"Subject","None",NA
594,"Eli","Mic",0,"Strong","no","NonPhys","67","Other","s",NA,"Female",NA,0,"Partner","None",NA
595,"Mary","Joh",0,"Average","no","NonPhys","5","Other","s",NA,"Female",NA,0,"Subject","None",NA
596,"Ash","DonF",0,"Average","yes","NonPhys","5","Other","l",NA,"Male",NA,0,"Partner","None",NA
597,"Emi","Dan",1,"Average","no","NonPhys","1","Other","l",1,"Male","1,0",0,"Partner","Partner",NA
598,"Eli","Stev",0,"Weak","no","NonPhys","1","Other","l",NA,"M",NA,0,"Partner","None",NA
599,"Deb","Tim",1,"Strong","no","NonPhys","1","Other","l",1,"Female","187,0",0,"Subject","Subject",NA
600,"Deb","Car",0,"Strong","no","NonPhys","19","Food","m",NA,"Female",NA,0,"Partner","None",NA
601,"Marg","Ken",0,"Strong","no","NonPhys","1","Other","l",NA,"Male",NA,0,"Partner","None",NA
602,"Marg","Kim",0,"Weak","no","NonPhys","1","Other","l",NA,"Female",NA,0,"Subject","None",NA
603,"Emi","Car",0,"Strong","no","NonPhys","1","Other","l",NA,"Female",NA,1,"Partner","None",808
604,"Emi","Car",0,"Strong","no","NonPhys","125","Other","l",NA,"Female",NA,0,"Partner","None",NA
605,"Ash","And",0,"Strong","yes","NonPhys","2","Other","s",NA,"Female",NA,0,"Partner","None",NA
606,"Ash","Kar",1,"Average ","yes","NonPhys","1","Other","m",2,"Female","2,0",0,"Partner","Subject",NA
607,"Ash","Car",0,"Weak","no","NonPhys","2","Other","l",NA,"Female",NA,0,"Partner","None",NA
608,"Mary","Kev",0,"Average","yes","NonPhys","1","Other","l",NA,"Male",NA,0,"Partner","None",NA
609,"Marg","DonF",0,"Average","no","NonPhys","1","Other","l",NA,"Male",NA,0,"Partner","None",NA
610,"Bet","Joh",0,"Average","no","NonPhys","2","Other","m",NA,"Female",NA,0,"Subject","None",NA
611,"Deb","Pat",0,"Weak","no","NonPhys","1","Other","s",NA,"Female",NA,0,"Partner","None",NA
612,"Mary","Lin",0,"Average","no","NonPhys","2","Sex","m",NA,"Female",NA,0,"Partner","None",NA
613,"Mary","Dan",0,"Average","yes","NonPhys","1","Other","l",NA,"Male",NA,0,"Partner","None",NA
614,"Mary","Car",1,"Strong","yes","NonPhys","1","Other","m",1,"Female","13,0",0,"Partner","Subject",NA
615,"Mary","Car",0,"Strong","yes","NonPhys","23","Food","m",NA,"Female",NA,0,"Partner","None",NA
616,"Mary","Sar",1,"Strong","yes","NonPhys","1","Other","l",13,"Male","244,0",0,"Partner","beide",NA
617,"Deb","Ric",0,"Weak","no","NonPhys","1","Other","l",NA,"Female",NA,0,"Subject","None",NA
618,"Marg","Mic",1,"Average","n","NonPhys","3","Sex","m",301,"F","10,0",0,"Partner","Partner",NA
619,"Marg","Ama",1,"Strong","no","NonPhys","3","Sex","l",57,"Male","2,0",1,"Partner","Partner",1316
620,"Marg","Bar",1,"Average","no","NonPhys","1","Other","l",1,"Male","30,0",0,"Partner","beide",NA
621,"Marg","DonF",1,"Average","no","Physical","55","Other","l",2,"Male","3,0",0,"Partner","Partner",NA
622,"Marg","Ama",1,"Strong","no","Physical","87","Other","l",158,"Male","36,0",0,"Partner","beide",NA
623,"Marg","DonF",1,"Average","no","NonPhys","1","Other","l",46,"Male","14,0",1,"Partner","Partner",133
624,"Marg","DonF",0,"Average","no","NonPhys","1","Sex","l",NA,"Male",NA,0,"Partner","None",NA
625,"Marg","Ant",0,"Strong","yes","NonPhys","1","Sex","l",NA,"Male",NA,0,"Partner","None",NA
626,"Marg","Bri",0,"Strong","no","NonPhys","9","Sex","s",NA,"Female",NA,0,"Partner","None",NA
627,"Emi","Tim",0,"Average","no","NonPhys","156","Other","l",NA,"Female",NA,0,"Subject","None",NA
628,"Ash","Mic",0,"Weak","no","NonPhys","16","Other","l",NA,"Female",NA,0,"Subject","None",NA
629,"Mary","Dav",0,"Average","yes","NonPhys","2","Other","m",NA,"Female",NA,1,"Subject","None",470
630,"Mary","Dav",0,"Average","yes","NonPhys","1","Other","m",NA,"Female",NA,0,"Subject","None",NA
631,"Mary","Step",1,"Strong","no","NonPhys","1","Other","l",1,"Male","1,0",0,"Partner","beide",NA
632,"Mary","Cha",0,"Weak","no","NonPhys","64","Other","l",NA,"Female",NA,0,"Partner","None",NA
633,"Mary","Joh",0,"Average","no","NonPhys","2","Other","s",NA,"Female",NA,0,"Subject","None",NA
634,"Mary","DonF",0,"Average","no","NonPhys","6","Other","l",NA,NA,NA,0,"Partner","None",NA
635,"Emi","Wil",1,"Average","no","NonPhys","96","Other","s",1,"Female","6,0",0,"Partner","Partner",NA
636,"Emi","And",1,"Strong","yes","NonPhys","1","Other","m",1,"Female","1,0",1,"Subject","Subject",322
637,"Emi","And",1,"Strong","yes","Physical","1","Other","m",0,"Female","28,0",0,"Subject","Subject",NA
638,"Bet","Tim",1,"Weak","no","NonPhys","2","Other","l",47,"Female","24,0",0,"Subject","Subject",NA
639,"Marg","Nan",0,"Weak","no","NonPhys","3","Other","l",NA,"Female",NA,0,"Subject","None",NA
640,"Marg","Mel",1,"Average","no","NonPhys","604","Other","l",38,"Female","37,0",0,"Subject","Subject",NA
641,"Marg","DonF",0,"Average","no","NonPhys","2","Sex","l",NA,"Male",NA,0,"Partner","None",NA
642,"Marg","Jen",0,"Weak","no","NonPhys","43","Other","m",NA,"Female",NA,0,"Partner","None",NA
643,"Marg","Joh",1,"Strong","no","NonPhys","6","Other","m",11,"Female","66,0",0,"Subject","Subject",NA
644,"Ash","Cha",0,"Average","no","NonPhys","3","Other","s",NA,"Female",NA,1,"Subject","None",390
645,"Ash","Cha",0,"Average","no","NonPhys","1","Sex","s",NA,"Female",NA,0,"Subject","None",NA
646,"Bet","Dan",0,"Average","no","NonPhys","4","Other","l",NA,"Male",NA,0,"Partner","None",NA
647,"Emi","Ama",0,"Strong","no","NonPhys","122","Other","l",NA,"Male",NA,0,"Partner","None",NA
648,"Emi","DonM",0,"Average","no","NonPhys","2","Other","l",NA,"Male",NA,0,"Partner","None",NA
649,"Emi","Step",1,"Weak","no","Physical","3","Other","l",69,"Male","11,0",0,"Partner","Subject",NA
650,"Mary","Joh",1,"Average","no","NonPhys","1","Other","s",1,"Female","2,0",1,"Subject","Subject",21
651,"Mary","Joh",0,"Average","no","NonPhys","2","Other","s",NA,"Female",NA,0,"Subject","None",NA
652,"Mary","Ama",1,"Weak","no","NonPhys","1","Other","l",567,"Male","24,0",0,"Partner","Partner",NA
653,"Mary","Lin",0,"Average","no","NonPhys","1","Other","m",NA,"Female",NA,0,"Partner","None",NA
654,"Mary","Stev",0,"Strong","no","NonPhys","2","Other","l",NA,"Male",NA,0,"Partner","None",NA
655,"Lis","Wil",1,"Average","no","NonPhys","2","Other","m",1,"F","1,0",0,"Subject","beide",NA
656,"Marg","San",0,"Average","n","NonPhys","2","Other","s",NA,"Female",NA,0,"Subject","None",NA
657,"Marg","Car",1,"Average","no","NonPhys","1","Other","l",2,"Female","69,0",0,"Partner","beide",NA
658,"Mary","Ama",1,"Weak","no","NonPhys","2","Other","l",293,"Male","11,0",0,"Partner","Subject",NA
659,"Mary","Tim",0,"Strong","no","NonPhys","1","Other","l",NA,"Female",NA,0,"Subject","None",NA
660,"Emi","Car",1,"Strong","no","NonPhys","5","Other","l",33,"Female","408,0",0,"Partner","Subject",NA
661,"Lis","Mat",1,"Strong","no","Physical","1","Other","l",1,"Male","22,0",0,"Partner","Partner",NA
662,"Eli","Josh",0,"Strong","no","NonPhys","1","Other","l",NA,"Male",NA,0,"Partner","None",NA
663,"Ash","And",1,"Strong","yes","NonPhys","1","Other","s",211,"Female","15,0",1,"Partner","Partner",921
664,"Ash","Cha",0,"Average","no","NonPhys","2","Other","s",NA,"Female",NA,1,"Subject","None",780
665,"Ash","And",1,"Strong","yes","NonPhys","1","Other","s",1,"Female","37,0",0,"Partner","Partner",NA
666,"Ash","Cha",0,"Average","no","NonPhys","1","Other","s",NA,"Female",NA,0,"Subject","None",NA
667,"Mary","DonM",1,"Average","y","NonPhys","1","Other","l",1,"Male","19,0",0,"Partner","Subject",NA
668,"Mary","Tim",0,"Strong","no","NonPhys","1","Other","l",NA,"Female",NA,0,"Subject","None",NA
669,"Ash","Mic",0,"Weak","no","NonPhys","3","Other","l",NA,"Female",NA,0,"Partner","None",NA
670,"Bet","Mel",1,"Weak","no","NonPhys","1","Other","l",1,"Female","130,0",0,"Subject","Subject",NA
671,"Emi","Dav",1,"Strong","no","NonPhys","3","Sex","m",62,"Female","309,0",0,"Subject","Partner",NA
672,"Ash","Nan",0,"Weak","no","NonPhys","8","Other","s",NA,"Female",NA,0,"Subject","None",NA
673,"Bet","Mic",1,"Weak","no","NonPhys","4","Other","s",2,"Female","2,0",1,"Subject","Partner",46
674,"Bet","Mic",1,"Weak","no","NonPhys","2","Other","s",3,"Female","6,0",1,"Subject","Partner",219
675,"Bet","Mic",1,"Weak","no","NonPhys","9","Other","s",3,"Female","45,0",0,"Subject","Partner",NA
676,"Lis","Mic",0,"Average","no","NonPhys","1","Food","m",NA,"Female",NA,0,"Subject","None",NA
677,"Lis","Jen",0,"Weak","no","NonPhys","1","Other","m",NA,"Female",NA,0,"Subject","None",NA
678,"Lis","Dan",1,"Average","no","NonPhys","1","Other","l",1,"Male","66,0",0,"Partner","Partner",NA
679,"Marg","Wil",0,"Average","no","NonPhys","1","Sex","m",NA,"Female",NA,0,"Partner","None",NA
680,"Mary","Car",0,"Strong","yes","NonPhys","6","Other","m",NA,"Female",NA,0,"Partner","None",NA
681,"Mary","Mat",1,"Strong","yes","NonPhys","13","Other","l",140,"Male","32,0",0,"Subject","Subject",NA
682,"Deb","Kim",0,"Average","yes","NonPhys","1","Other","l",NA,"Female",NA,0,"beide","None",NA
683,"Marg","Mat",1,"Strong","yes","NonPhys","1","Other","l",1,"Male","7,0",0,"Partner","Partner",NA
684,"Marg","Ron",1,"Average","yes","NonPhys","7","Sex","l",52,"Male","47,0",0,"Partner","Subject",NA
685,"Marg","Ric",0,"Weak","no","Physical","13","Sex","l",NA,"Female",NA,0,"Partner","None",NA
686,"Emi","Step",0,"Weak","no","NonPhys","13","Other","l",NA,"Male",NA,0,"Partner","None",NA
687,"Deb","Mic",0,"Weak","no","NonPhys","1","Other","s",NA,"Female",NA,0,"Subject","None",NA
688,"Lis","Kev",1,"Strong","yes","NonPhys","1","Food","l",67,"Male","158,0",0,"Partner","Subject",NA
689,"Deb","Bri",0,"Weak","no","NonPhys","1","Other","m",NA,"Female",NA,0,"Subject","None",NA
690,"Deb","Dav",0,"Average","no","NonPhys","1","Other","l",NA,"Female",NA,0,"Subject","None",NA
691,"Marg","Mark",1,"Average","no","NonPhys","1","Sex","l",14,"Male","21,0",1,"Partner","Subject",267
692,"Marg","Mark",1,"Average","no","NonPhys","1","Other","l",1,"Male","62,0",1,"Partner","Partner",89
693,"Marg","Mark",1,"Average","no","NonPhys","1","Other","l",1,"Male","3,0",0,"Partner","Partner",NA
694,"Marg","Ama",0,"Strong","no","NonPhys","129","Other","l",NA,"Male",NA,0,"Partner","None",NA
695,"Marg","Nan",0,"Weak","no","NonPhys","2","Sex","l",NA,"Female",NA,0,"Subject","None",NA
696,"Ash","Nan",0,"Weak","no","NonPhys","1","Other","s",NA,"Female",NA,0,"Subject","None",NA
697,"Ash","Ken",1,"Strong","no","NonPhys","9","Other","l",32,"Male","31,0",0,"Partner","Partner",NA
698,"Ash","Cha",0,"Average","no","NonPhys","3","Other","s",NA,"Female",NA,0,"Subject","None",NA
699,"Mary","Dan",0,"Average","yes","NonPhys","19","Other","l",NA,"Male",NA,0,"Partner","None",NA
700,"Mary","Ron",0,"Average","no","NonPhys","7","Other","l",NA,"Male",NA,0,"Partner","None",NA
701,"Mary","Mat",1,"Strong","yes","NonPhys","1","Other","l",79,"Male","7,0",0,"Partner","Partner",NA
702,"Bet","Pau",1,"Average","no","NonPhys","3","Other","m",8,"Female","5,0",0,"Subject","Partner",NA
703,"Marg","Wil",0,"Average","no","NonPhys","5","Sex","m",NA,"Female",NA,1,"Partner","None",70
704,"Marg","Wil",0,"Average","no","NonPhys","1","Sex","m",NA,"Female",NA,0,"Partner","None",NA
705,"Mary","Lin",0,"Average","n","NonPhys","2","Other","m",NA,"Female",NA,0,"Partner","None",NA
706,"Lis","Josh",1,"Average","yes","NonPhys","1","Other","l",1,"Male","224,0",0,"Partner","Subject",NA
707,"Lis","Joh",0,"Strong","no","NonPhys","1","Sex","m",NA,"Female",NA,0,"Subject","None",NA
708,"Emi","Wil",0,"Average","no","NonPhys","1","Other","s",NA,"Female",NA,0,"Partner","None",NA
709,"Marg","Kev",0,"Weak","no","NonPhys","3","Sex","l",NA,"Male",NA,0,"Partner","None",NA
710,"Eli","Chr",0,"Average","no","NonPhys","5","Other","s",NA,"Female",NA,0,"Partner","None",NA
711,"Eli","Chr",0,"Average","no","NonPhys","1","Other","s",NA,"Female",NA,0,"Partner","None",NA
712,"Eli","Mel",0,"Average","no","NonPhys","1","Other","l",NA,"Female",NA,0,"Subject","None",NA
713,"Bet","Kev",1,"Average","no","NonPhys","6","Other","l",1,"Male","2,0",0,"Partner","Subject",NA
714,"Bet","Mark",0,"Strong","no","NonPhys","2","Other","l",NA,"Male",NA,0,"beide","None",NA
715,"Ash","Sus",0,"Weak","no","NonPhys","1","Other","l",NA,"Female",NA,0,"Partner","None",NA
716,"Mary","Dav",0,"Average","yes","NonPhys","16","Sex","m",NA,"Female",NA,0,"Subject","None",NA
717,"Mary","Ama",1,"Weak","no","NonPhys","6","Other","l",1,"Male","246,0",1,"Subject","Subject",250
718,"Mary","Ama",1,"Weak","no","NonPhys","2","Other","l",4,"Male","298,0",0,"Partner","Subject",NA
719,"Marg","Mark",1,"Average","no","NonPhys","1","Other","l",29,"Male","27,0",0,"Partner","Subject",NA
720,"Marg","Wil",1,"Average","no","NonPhys","2","Sex","m",445,"Female","335,0",0,"Partner","Partner",NA
721,"Mary","Sar",1,"Strong","yes","NonPhys","8","Other","l",20,"Male","31,0",0,"Partner","Subject",NA
722,"Mary","Lin",0,"Average","no","NonPhys","1","Sex","m",NA,"Female",NA,0,"Subject","None",NA
723,"Deb","Ama",1,"Average","no","NonPhys","2","Other","l",238,"Male","320,0",0,"Partner","Subject",NA
724,"Mary","Stev",0,"Strong","no","Physical","57","Other","l",NA,"Male",NA,0,"Partner","None",NA
725,"Mary","Sar",1,"Strong","yes","Physical","1","Other","l",5,"Male","6,0",0,"Partner","Subject",NA
726,"Lis","Tim",0,"Weak","no","NonPhys","5","Other","l",NA,"Female",NA,0,"Subject","None",NA
727,"Lis","Car",0,"Average","no","NonPhys","5","Other","s",NA,"Female",NA,0,"Partner","None",NA
728,"Lis","Dan",0,"Average","no","NonPhys","1","Other","l",NA,"Male",NA,0,"Partner","None",NA
729,"Marg","Cha",0,"Weak","no","Physical","49","Other","l",NA,"Female",NA,0,"Subject","None",NA
730,"Marg","Rob",1,"Average","no","NonPhys","2","Other","l",1,"Female","3,0",0,"Partner","Partner",NA
731,"Deb","Tim",1,"Strong","no","NonPhys","7","Other","l",2,"Female","1,0",0,"Subject","beide",NA
732,"Deb","Car",0,"Strong","no","NonPhys","1","Other","m",NA,"Female",NA,0,"Partner","None",NA
733,"Deb","Lin",0,"Weak","no","NonPhys","5","Other","s",NA,"Female",NA,0,"Partner","None",NA
734,"Deb","Wil",0,"Weak","no","Physical","40","Other","m",NA,"Female",NA,0,"Subject","None",NA
735,"Deb","Tim",0,"Strong","no","NonPhys","4","Other","l",NA,"Female",NA,0,"Subject","None",NA
736,"Emi","Wil",0,"Average","no","NonPhys","21","Other","s",NA,"Female",NA,0,"Partner","None",NA
737,"Emi","Car",0,"Strong","no","NonPhys","17","Other","l",NA,"Female",NA,1,"Partner","None",339
738,"Emi","Car",0,"Strong","no","NonPhys","2","Food","l",NA,NA,NA,0,"Partner","None",NA
739,"Deb","Lin",0,"Weak","no","NonPhys","1","Food","s",NA,"F",NA,0,"Partner","None",NA
740,"Deb","Mic",0,"Weak","no","NonPhys","2","Other","s",NA,"Female",NA,0,"Subject","None",NA
741,"Mary","Ken",1,"Weak","no","NonPhys","1","Other","l",71,"Male","5,0",0,"Partner","beide",NA
742,"Mary","Sar",1,"Strong","yes","Physical","3","Other","l",1,"Male","145,0",0,"Partner","beide",NA
743,"Ash","Ash",0,"Weak","no","NonPhys","2","Sex","l",NA,"Male",NA,0,"Subject","None",NA
744,"Ash","Jen",0,"Weak","no","NonPhys","1","Other","l",NA,"Female",NA,0,"Partner","None",NA
745,"Marg","Dan",0,"Weak","no","NonPhys","27","Other","l",NA,"Male",NA,0,"Partner","None",NA
746,"Ash","And",1,"Strong","yes","NonPhys","2","Other","s",192,"Female","10,0",0,"Partner","Partner",NA
747,"Ash","Cha",0,"Average","no","NonPhys","2","Other","s",NA,NA,NA,0,"Subject","None",NA
748,"Lis","Tim",0,"Weak","no","NonPhys","17","Other","l",NA,"Female",NA,1,"Subject","None",186
749,"Lis","Car",0,"Average","no","NonPhys","1","Other","s",NA,"Female",NA,0,"Partner","None",NA
750,"Lis","Tim",0,"Weak","no","NonPhys","1","Other","l",NA,"Female",NA,0,"Subject","None",NA
751,"Eli","Car",0,"Weak","no","NonPhys","1","Other","m",NA,"F",NA,0,"Partner","None",NA
752,"Marg","Joh",0,"Strong","no","NonPhys","3","Sex","m",NA,"Female",NA,0,"Partner","None",NA
753,"Bet","Mat",0,"Weak","no","NonPhys","63","Other","l",NA,"Male",NA,0,"Partner","None",NA
754,"Marg","Bri",0,"Strong ","no","NonPhys","1","Sex","s",NA,"Female",NA,0,"Partner","None",NA
755,"Eli","Mat",0,"Average","no","NonPhys","35","Other","l",NA,"Male",NA,0,"Partner","None",NA
756,"Emi","Car",0,"Strong","no","NonPhys","5","Sex","l",NA,"Female",NA,0,"Partner","None",NA
757,"Mary","Mat",0,"Strong","yes","NonPhys","8","Other","l",NA,"Male",NA,0,"Partner","None",NA
758,"Mary","Lin",0,"Average","no","NonPhys","3","Other","m",NA,"Female",NA,0,"Partner","None",NA
759,"Mary","Mark",1,"Strong","yes","NonPhys","1","Other","l",1,"Male","10,0",0,"Partner","Partner",NA
760,"Marg","Ama",1,"Strong","no","Physical","7","Other","l",10,"Male","166,0",1,"Partner","Subject",349
761,"Marg","Ama",1,"Strong","no","NonPhys","3","Other","l",44,"Male","343,0",0,"Partner","Subject",NA
762,"Eli","Mel",0,"Average","no","NonPhys","56","Food","l",NA,"Female",NA,1,"Subject","None",903
763,"Eli","Bri",1,"Strong","no","NonPhys","4","Food","m",0,"Female","2,0",0,"Subject","beide",NA
764,"Eli","Bri",0,"Strong","no","NonPhys","10","Food","m",NA,"Female",NA,0,"Subject","None",NA
765,"Eli","Mel",0,"Average","no","NonPhys","1","Food","l",NA,"Female",NA,0,"Subject","None",NA
766,"Eli","Jes",0,"Average","no","NonPhys","2","Other","l",NA,"Female",NA,0,"Subject","None",NA
767,"Eli","Step",0,"Average","no","NonPhys","29","Other","l",NA,"Male",NA,0,"Partner","None",NA
768,"Ash","And",1,"Strong ","yes","NonPhys","9","Other","s",3,"Female","501,0",0,"Partner","beide",NA
769,"Marg","Bri",0,"Strong","no","NonPhys","5","Other","s",NA,"Female",NA,0,"Subject","None",NA
770,"Mary","Tim",1,"Strong","no","NonPhys","6","Other","l",1,"Female","7,0",0,"Subject","Subject",NA
771,"Mary","Dav",0,"Average","yes","NonPhys","3","Sex","m",NA,"Female",NA,0,"Subject","None",NA
772,"Mary","Ama",0,"Weak","no","NonPhys","1","Sex","l",NA,"Male",NA,0,"Partner","None",NA
773,"Marg","Joh",0,"Strong","no","NonPhys","5","Other","m",NA,"Female",NA,0,"Subject","None",NA
774,"Marg","Mat",1,"Strong","yes","NonPhys","13","Other","l",37,"Male","45,0",0,"Partner","Partner",NA
775,"Marg","Ama",1,"Strong","no","NonPhys","2","Other","l",79,"Male","30,0",0,"Partner","Subject",NA
776,"Marg","Wil",0,"Average","no","NonPhys","1","Sex","m",NA,"Female",NA,0,"Partner","None",NA
777,"Deb","Dav",0,"Weak","no","NonPhys","1","Sex","l",NA,"Female",NA,0,"Subject","None",NA
778,"Emi","Pau",1,"Strong","yes","NonPhys","21","Other","s",0,"Female","15,0",0,"Partner","Partner",NA
779,"Bet","Mat",0,"Weak","no","NonPhys","33","Other","l",NA,"Male",NA,0,"Partner","None",NA
780,"Marg","Ama",0,"Strong","no","NonPhys","2","Other","l",NA,"Male",NA,0,"Subject","None",NA
781,"Mary","Dav",1,"Average","yes","NonPhys","178","Other","m",2,"Female","6,0",0,"Subject","Subject",NA
782,"Mary","Dan",1,"Average","yes","NonPhys","1","Other","l",0,"Male","4,0",0,"Partner","Partner",NA
783,"Mary","Ama",1,"Weak","no","NonPhys","3","Other","l",1,"Male","12,0",0,"Partner","Partner",NA
784,"Mary","Mic",0,"Average","yes","NonPhys","1","Other","m",NA,"Female",NA,0,"Partner","None",NA
785,"Mary","Lin",0,"Average","no","NonPhys","18","Other","m",NA,"Female",NA,0,"Partner","None",NA
786,"Lis","Wil",0,"Average","no","NonPhys","1","Other","m",NA,"Female",NA,0,"Subject","None",NA
787,"Lis","Pau",0,"Weak","no","Physical","2","Other","m",NA,"Female",NA,0,"Subject","None",NA
788,"Emi","Wil",0,"Average","no","NonPhys","232","Other","s",NA,"Female",NA,0,"Partner","None",NA
789,"Marg","Pat",0,"Average","yes","NonPhys","3","Sex","l",NA,"Female",NA,0,"Partner","None",NA
790,"Emi","Wil",0,"Average","no","NonPhys","2","Other","s",NA,"Female",NA,0,"Partner","None",NA
791,"Eli","Nan",0,"Average","no","NonPhys","2","Sex","l",NA,"Female",NA,0,"Subject","None",NA
792,"Deb","Dav",0,"Average","no","NonPhys","3","Other","l",NA,"Female",NA,0,"Partner","None",NA
793,"Lis","Kim",0,"Weak","no","NonPhys","1","Other","l",NA,"F",NA,0,"Subject","None",NA
794,"Lis","Wil",0,"Average","no","NonPhys","210","Other","m",NA,"Female",NA,0,"Subject","None",NA
795,"Mary","Joh",0,"Average","no","NonPhys","196","Sex","s",NA,"Female",NA,0,"Subject","None",NA
796,"Marg","Joh",0,"Strong","no","NonPhys","3","Sex","m",NA,"Female",NA,0,"Partner","None",NA
797,"Marg","DonF",1,"Average","no","NonPhys","1","Other","l",229,"Male","44,0",1,"Partner","Subject",556
798,"Marg","DonF",0,"Average","no","NonPhys","2","Sex","l",NA,"Male",NA,0,"Partner","None",NA
799,"Mary","DonF",1,"Average","no","NonPhys","1","Food","l",64,"Male","17,0",1,"Partner","Partner",328
800,"Mary","Ron",0,"Average","no","NonPhys","2","Other","l",NA,"Male",NA,0,"Partner","None",NA
801,"Mary","DonF",1,"Average","no","NonPhys","55","Other","l",226,"Male","4,0",0,"Partner","Subject",NA
802,"Eli","Pau",0,"Strong","yes","NonPhys","6","Other","s",NA,"Female",NA,0,"Partner","None",NA
803,"Bet","Mat",1,"Weak","no","NonPhys","5","Other","l",7,"Male","20,0",0,"Partner","Partner",NA
804,"Lis","Pau",0,"Weak","no","NonPhys","3","Sex","m",NA,"Female",NA,1,"Subject","None",430
805,"Lis","Pau",0,"Weak","no","NonPhys","3","Sex","m",NA,"Female",NA,0,"Subject","None",NA
806,"Mary","Step",0,"Strong","no","NonPhys","1","Other","l",NA,"Male",NA,0,"Partner","None",NA
807,"Mary","Ama",0,"Weak","no","NonPhys","70","Sex","l",NA,"Male",NA,0,"Partner","None",NA
808,"Mary","Joh",0,"Average","no","NonPhys","3","Other","s",NA,"Female",NA,0,"Subject","None",NA
809,"Deb","Ama",0,"Average","no","NonPhys","99","Sex","l",NA,"Male",NA,0,"Partner","None",NA
810,"Emi","Dav",1,"Strong","no","NonPhys","32","Other","m",103,"Female","41,0",0,"Subject","beide",NA
811,"Emi","Emi",0,"Weak","no","NonPhys","1","Other","l",NA,"Male",NA,0,"Partner","None",NA
812,"Emi","Wil",0,"Average","no","NonPhys","57","Other","s",NA,"Female",NA,0,"Partner","None",NA
813,"Mary","Tim",1,"Strong","no","NonPhys","1","Other","l",1,"Female","24,0",0,"Subject","beide",NA
814,"Mary","Ama",1,"Weak","no","NonPhys","490","Other","l",182,"Male","25,0",1,"Partner","beide",268
815,"Mary","Ama",1,"Weak","no","NonPhys","5","Other","l",27,"Male","90,0",1,"Partner","beide",120
816,"Mary","Ama",1,"Weak","no","NonPhys","1","Other","l",1,"Male","58,0",0,"Partner","beide",NA
817,"Eli","Ant",0,"Strong","no","NonPhys","20","Sex","l",NA,"Male",NA,0,"Partner","None",NA
818,"Marg","Wil",0,"Average","no","NonPhys","1","Sex","m",NA,"Female",NA,0,"Partner","None",NA
819,"Marg","Pau",1,"Strong","no","NonPhys","20","Sex","m",41,"Female","65,0",0,"Partner","Subject",NA
820,"Emi","Kev",1,"Strong","yes","NonPhys","1","Other","l",0,"Male","196,0",0,"Subject","Partner",NA
821,"Bet","Car",0,"Strong","n","NonPhys","2","Sex","s",NA,"Female","27,0",0,"Partner","None",NA
822,"Lis","Tim",0,"Weak","no","NonPhys","11","Other","l",NA,NA,NA,0,"Subject","None",NA
823,"Ash","And",0,"Strong","yes","NonPhys","15","Other","s",NA,"Female",NA,1,"Partner","None",165
824,"Ash","And",1,"Strong","yes","NonPhys","2","Other","s",2,"Female","14,0",1,"Partner","Partner",91
825,"Ash","And",0,"Strong","yes","NonPhys","74","Other","s",NA,"Female",NA,0,"Partner","None",NA
826,"Mary","Ama",0,"Weak","no","NonPhys","7","Other","l",NA,"Male",NA,0,"Partner","None",NA
827,"Bet","Bar",0,"Strong","no","Physical","45","Other","l",NA,"Male",NA,0,"Partner","None",NA
828,"Marg","Mark",1,"Average ","no","NonPhys","5","Other","l",23,"Male","6,0",0,"Partner","Partner",NA
829,"Bet","Jen",0,"Strong","no","NonPhys","2","Other","m",NA,"Female",NA,0,"Subject","None",NA
830,"Bet","Ama",1,"Average","no","NonPhys","8","Other","l",105,"Male","16,0",0,"Partner","Partner",NA
831,"Bet","San",1,"Average","no","NonPhys","2","Other","l",1,"Female","4,0",0,"Subject","beide",NA
832,"Deb","Mit",1,"Weak","no","NonPhys","41","Other","l",2,"Female","1,0",0,"Subject","Partner",NA
833,"Deb","Mel",1,"Strong","no","NonPhys","2","Other","l",1,"Female","2,0",1,"Subject","Partner",239
834,"Deb","Mel",0,"Strong","no","NonPhys","2","Other","l",NA,"Female",NA,0,"Subject","None",NA
835,"Deb","Kim",0,"Average","yes","NonPhys","3","Food","l",NA,"Female",NA,1,"Subject","None",364
836,"Deb","Kim",0,"Average","yes","NonPhys","2","Other","l",NA,"Female",NA,0,"Subject","None",NA
837,"Deb","Lin",0,"Weak","no","NonPhys","1","Other","s",NA,"Female",NA,1,"Partner","None",193
838,"Deb","Chr",0,"Average","yes","NonPhys","2","Other","s",NA,"Female",NA,0,"Subject","None",NA
839,"Deb","Lin",0,"Weak","no","NonPhys","3","Other","s",NA,"Female",NA,0,"Partner","None",NA
840,"Lis","Rob",0,"Average","no","NonPhys","27","Other","s",NA,"Female",NA,0,"Subject","None",NA
841,"Lis","Car",1,"Average","no","NonPhys","3","Other","s",1,"Female","7,0",0,"Partner","Partner",NA
842,"Lis","Mark",0,"Average","no","NonPhys","2","Other","l",NA,"Male",NA,0,"Partner","None",NA
843,"Marg","Wil",0,"Average","no","NonPhys","13","Sex","m",NA,"Female",NA,1,"Partner","None",971
844,"Marg","Kar",0,"Weak","no","NonPhys","15","Other","s",NA,"Female",NA,0,"Subject","None",NA
845,"Marg","Wil",0,"Average","no","NonPhys","5","Sex","m",NA,"Female",NA,0,"Partner","None",NA
846,"Eli","Kar",1,"Average","yes","NonPhys","1","Other","m",4,"Female","2,0",0,"Subject","Partner",NA
847,"Mary","Lin",0,"Average","no","NonPhys","362","Other","m",NA,"Female",NA,0,"Partner","None",NA
848,"Mary","Tim",0,"Strong","no","NonPhys","2","Other","l",NA,"Female",NA,0,"Subject","None",NA
849,"Lis","Nan",0,"Weak","no","NonPhys","8","Other","l",NA,"Female",NA,0,"Subject","None",NA
850,"Bet","Ama",1,"Average","no","NonPhys","8","Other","l",10,"Male","5,0",0,"Partner","beide",NA
851,"Emi","Dav",1,"Strong","no","NonPhys","4","Other","m",1,"Female","136,0",0,"Subject","Partner",NA
852,"Eli","Jos",1,"Strong","yes","NonPhys","2","Other","m",1,"Female","345,0",0,"Subject","Partner",NA
853,"Lis","Pat",0,"Weak","no","NonPhys","3","Other","s",NA,"Female",NA,0,"Subject","None",NA
854,"Lis","Kev",0,"Strong","yes","NonPhys","8","Other","l",NA,"Male",NA,0,"Partner","None",NA
855,"Deb","Dan",0,"Average","no","Physical","8","Other","l",NA,"Male",NA,0,"Partner","None",NA
856,"Mary","Ama",0,"Weak","no","NonPhys","5","Other","l",NA,"Male",NA,0,"Partner","None",NA
857,"Mary","Ric",1,"Weak","no","NonPhys","1","Other","m",1,"Female","4,0",0,"Partner","beide",NA
858,"Lis","Bri",0,"Average","no","NonPhys","2","Other","l",NA,"Female",NA,0,"Subject","None",NA
859,"Lis","Joh",0,"Strong","no","NonPhys","11","Other","m",NA,"Female",NA,0,"Subject","None",NA
860,"Bet","Nan",0,"Weak","no","NonPhys","1","Other","l",NA,NA,NA,0,"Subject","None",NA
861,"Bet","Nan",0,"Weak","no","NonPhys","1","Other","l",NA,"Female",NA,0,"Subject","None",NA
862,"Bet","Bri",0,"Weak","no","NonPhys","17","Other","m",NA,"Female",NA,0,"Subject","None",NA
863,"Emi","And",0,"Strong","yes","NonPhys","18","Other","m",NA,"Female",NA,1,"Subject","None",1026
864,"Emi","Ken",0,"Weak","no","NonPhys","9","Other","l",NA,"Male",NA,0,"Partner","None",NA
865,"Emi","Ama",0,"Strong","no","NonPhys","7","Other","l",NA,"Male",NA,0,"Subject","None",NA
866,"Emi","And",1,"Strong","yes","NonPhys","7","Other","m",1,"Female","8,0",0,"Subject","Partner",NA
867,"Mary","Mark",0,"Strong","yes","NonPhys","20","Other","l",NA,"Male",NA,0,"Partner","None",NA
868,"Bet","Sus",0,"Weak","no","NonPhys","1","Other","m",NA,"Female",NA,0,"Partner","None",NA
869,"Ash","And",0,"Strong ","yes","NonPhys","570","Other","s",NA,"Female",NA,0,"Partner","None",NA
870,"Ash","And",1,"Strong","yes","NonPhys","5","Other","s",74,"Female","9,0",0,"Subject","Partner",NA
871,"Ash","Sar",0,"Strong","no","NonPhys","20","Other","l",NA,"Male",NA,0,"Partner","None",NA
872,"Emi","Kar",1,"Weak","no","NonPhys","6","Other","m",1,"Female","8,0",0,"Subject","Partner",NA
873,"Emi","Rob",0,"Average","yes","NonPhys","2","Other","m",NA,"Female",NA,0,"Partner","None",NA
874,"Emi","Ant",1,"Average","no","NonPhys","10","Other","l",4,"Male","6,0",0,"Partner","Subject",NA
875,"Marg","Kev",0,"Weak","no","NonPhys","3","Other","l",NA,"Male",NA,0,"Partner","None",NA
876,"Marg","Wil",0,"Average","no","NonPhys","4","Other","m",NA,"Female",NA,0,"Partner","None",NA
877,"Marg","Kar",0,"Weak","no","NonPhys","1","Other","s",NA,"Female",NA,0,"Subject","None",NA
878,"Marg","Tim",0,"Weak","no","NonPhys","2","Other","l",NA,"Female",NA,1,"Partner","None",451
879,"Marg","Tim",0,"Weak","no","NonPhys","1","Other","l",NA,"Female",NA,0,"Subject","None",NA
880,"Marg","Car",0,"Average","no","NonPhys","2","Other","l",NA,"Female",NA,0,"Partner","None",NA
881,"Marg","Ama",0,"Strong","no","NonPhys","10","Other","l",NA,"Male",NA,0,"Partner","None",NA
882,"Deb","Tim",0,"Strong","no","NonPhys","2","Other","l",NA,"Female",NA,0,"Subject","None",NA
883,"Deb","Sus",0,"Strong","yes","NonPhys","1","Other","m",NA,"Female",NA,0,"Partner","None",NA
884,"Deb","Tim",0,"Strong","no","NonPhys","410","Other","l",NA,"Female",NA,0,"Subject","None",NA
885,"Deb","Pat",0,"Weak","no","NonPhys","3","Other","s",NA,"Female",NA,0,"Partner","None",NA
886,"Deb","Ric",1,"Weak","no","NonPhys","1","Other","l",1,"Female","5,0",0,"Subject","Partner",NA
887,"Marg","San",0,"Average","no","NonPhys","16","Other","s",NA,"Female",NA,0,"Subject","None",NA
888,"Marg","Ama",0,"Strong","no","NonPhys","5","Other","l",NA,"Male",NA,0,"Partner","None",NA
889,"Marg","Nan",0,"Weak","no","NonPhys","2","Other","l",NA,"Female",NA,0,"Subject","None",NA
890,"Bet","Jen",1,"Weak","no","NonPhys","4","Other","m",69,"Female","221,0",0,"Subject","Partner",NA
891,"Bet","Tim",0,"Weak","no","NonPhys","7","Other","l",NA,"Female",NA,0,"Subject","None",NA
892,"Mary","Mel",0,"Average","yes","NonPhys","10","Other","l",NA,"Female",NA,0,"Subject","None",NA
893,"Mary","Dav",0,"Average","yes","NonPhys","6","Other","m",NA,"Female",NA,0,"Subject","None",NA
894,"Marg","Wil",0,"Average","no","NonPhys","11","Other","m",NA,"Female",NA,0,"Partner","None",NA
895,"Marg","Lin",0,"Average","yes","NonPhys","2","Food","l",NA,"Female",NA,0,"Partner","None",NA
896,"Marg","Rob",0,"Average","no","NonPhys","1","Other","l",NA,"Female",NA,0,"Partner","None",NA
897,"Marg","DonF",0,"Average","no","NonPhys","6","Other","l",NA,"Male",NA,0,"Partner","None",NA
898,"Lis","DonF",0,"Average","no","Physical","13","Other","l",NA,"Male",NA,0,"beide","None",NA
899,"Marg","Ric",0,"Weak","n","NonPhys","5","Sex","l",NA,"Female",NA,0,"Subject","None",NA
900,"Mary","Car",0,"Strong","yes","NonPhys","111","Other","m",NA,"Female",NA,0,"Partner","None",NA
901,"Bet","Tim",1,"Weak","no","NonPhys","4","Other","l",8,"Female","63,0",0,"Subject","Partner",NA
902,"Deb","Dav",0,"Average","n","NonPhys","2","Other","l",NA,"Female",NA,0,"Subject","None",NA
903,"Marg","Pau",0,"Strong","no","NonPhys","2","Other","m",NA,"Female",NA,1,"Partner","None",472
904,"Marg","Pat",0,"Average","yes","NonPhys","4","Other","l",NA,"Female",NA,0,"Partner","None",NA
905,"Marg","Tho",0,"Average","no","NonPhys","5","Other","l",NA,"Male",NA,0,"Partner","None",NA
906,"Marg","Pau",0,"Strong","no","NonPhys","2","Other","m",NA,"Female",NA,0,"Partner","None",NA
907,"Marg","Ama",0,"Strong","no","Physical","28","Other","l",NA,"Male",NA,0,"Partner","None",NA
908,"Marg","Stev",0,"Average","no","NonPhys","2","Other","l",NA,"Male",NA,0,"Partner","None",NA
909,"Emi","Pau",0,"Strong","yes","NonPhys","1","Other","s",NA,"Female",NA,0,"Partner","None",NA
910,"Emi","Josh",0,"Average","yes","Physical","43","Other","l",NA,"Male",NA,0,"Partner","None",NA
911,"Deb","Nan",0,"Weak","no","NonPhys","2","Other","l",NA,"Female",NA,0,"Subject","None",NA
912,"Emi","Ama",1,"Average","no","NonPhys","7","Other","l",43,"Male","1646,0",0,"Partner","Partner",NA
913,"Deb","Car",0,"Strong","no","NonPhys","13","Other","m",NA,"Female",NA,0,"Partner","None",NA
914,"Marg","Ant",1,"Strong","yes","NonPhys","5","Other","l",61,"Male","234,0",0,"Partner","Subject",NA
